uq_run_id,panel,dataset,subset,model,seed,method,rul_label,sensor_set,source_run_id,calibration_windows,calibration_engines,conformal_rank,qhat,endpoint_coverage,endpoint_mean_interval_width,engine_balanced_coverage,engine_balanced_mean_interval_width,pooled_window_coverage,pooled_window_mean_interval_width,test_engines,test_windows,base_endpoint_coverage,base_endpoint_mean_interval_width,base_engine_balanced_coverage,base_engine_balanced_mean_interval_width,base_pooled_window_coverage,base_pooled_window_mean_interval_width,base_test_engines,base_test_windows
uq_ref_v1__kill__fd001__cnn_1d__linear_uncapped__all_21__seed11__residual_split_cp,kill_protocol_sensitivity,FD001,FD001,cnn_1d,11,residual_split_cp,linear_uncapped,all_21,kill_v1__fd001__cnn_1d__linear_uncapped__all_21__seed11,2629,15,2367,65.16905212402344,0.98,130.33810424804688,0.9001417231029848,130.33810424804688,0.8628874068262063,130.33810424804688,100,10196,,,,,,,,
uq_ref_v1__kill__fd001__cnn_1d__linear_uncapped__common_14__seed11__residual_split_cp,kill_protocol_sensitivity,FD001,FD001,cnn_1d,11,residual_split_cp,linear_uncapped,common_14,kill_v1__fd001__cnn_1d__linear_uncapped__common_14__seed11,2629,15,2367,66.36135864257812,0.98,132.72271728515625,0.9056765136376843,132.72271728515625,0.8697528442526481,132.72271728515625,100,10196,,,,,,,,
uq_ref_v1__kill__fd001__cnn_1d__piecewise_125__all_21__seed11__residual_split_cp,kill_protocol_sensitivity,FD001,FD001,cnn_1d,11,residual_split_cp,piecewise_125,all_21,kill_v1__fd001__cnn_1d__piecewise_125__all_21__seed11,2629,15,2367,40.090972900390625,0.93,80.18194580078125,0.9562227377085115,80.18194580078125,0.9441938014907807,80.18194580078125,100,10196,,,,,,,,
uq_ref_v1__kill__fd001__cnn_1d__piecewise_125__common_14__seed11__residual_split_cp,kill_protocol_sensitivity,FD001,FD001,cnn_1d,11,residual_split_cp,piecewise_125,common_14,kill_v1__fd001__cnn_1d__piecewise_125__common_14__seed11,2629,15,2367,39.823448181152344,0.92,79.64689636230469,0.9557538807985153,79.64689636230469,0.9448803452334249,79.64689636230469,100,10196,,,,,,,,
uq_ref_v1__kill__fd001__cnn_1d__linear_uncapped__all_21__seed23__residual_split_cp,kill_protocol_sensitivity,FD001,FD001,cnn_1d,23,residual_split_cp,linear_uncapped,all_21,kill_v1__fd001__cnn_1d__linear_uncapped__all_21__seed23,2629,15,2367,65.04252624511719,0.96,130.08505249023438,0.9069048949808188,130.08505249023438,0.8713220870929776,130.08505249023438,100,10196,,,,,,,,
uq_ref_v1__kill__fd001__cnn_1d__linear_uncapped__common_14__seed23__residual_split_cp,kill_protocol_sensitivity,FD001,FD001,cnn_1d,23,residual_split_cp,linear_uncapped,common_14,kill_v1__fd001__cnn_1d__linear_uncapped__common_14__seed23,2629,15,2367,65.88028717041016,0.98,131.7605743408203,0.9006995670932396,131.7605743408203,0.8637701059238917,131.7605743408203,100,10196,,,,,,,,
uq_ref_v1__kill__fd001__cnn_1d__piecewise_125__all_21__seed23__residual_split_cp,kill_protocol_sensitivity,FD001,FD001,cnn_1d,23,residual_split_cp,piecewise_125,all_21,kill_v1__fd001__cnn_1d__piecewise_125__all_21__seed23,2629,15,2367,40.801849365234375,0.92,81.60369873046875,0.9545914262324942,81.60369873046875,0.9421341702628482,81.60369873046875,100,10196,,,,,,,,
uq_ref_v1__kill__fd001__cnn_1d__piecewise_125__common_14__seed23__residual_split_cp,kill_protocol_sensitivity,FD001,FD001,cnn_1d,23,residual_split_cp,piecewise_125,common_14,kill_v1__fd001__cnn_1d__piecewise_125__common_14__seed23,2629,15,2367,41.183563232421875,0.92,82.36712646484375,0.9493249099346661,82.36712646484375,0.9371322087092978,82.36712646484375,100,10196,,,,,,,,
uq_ref_v1__kill__fd001__cnn_1d__linear_uncapped__all_21__seed37__residual_split_cp,kill_protocol_sensitivity,FD001,FD001,cnn_1d,37,residual_split_cp,linear_uncapped,all_21,kill_v1__fd001__cnn_1d__linear_uncapped__all_21__seed37,2629,15,2367,65.10568237304688,0.98,130.21136474609375,0.9005911627554785,130.21136474609375,0.8643585719890153,130.21136474609375,100,10196,,,,,,,,
uq_ref_v1__kill__fd001__cnn_1d__linear_uncapped__common_14__seed37__residual_split_cp,kill_protocol_sensitivity,FD001,FD001,cnn_1d,37,residual_split_cp,linear_uncapped,common_14,kill_v1__fd001__cnn_1d__linear_uncapped__common_14__seed37,2629,15,2367,64.19279479980469,0.98,128.38558959960938,0.8957570587013421,128.38558959960938,0.8597489211455472,128.38558959960938,100,10196,,,,,,,,
uq_ref_v1__kill__fd001__cnn_1d__piecewise_125__all_21__seed37__residual_split_cp,kill_protocol_sensitivity,FD001,FD001,cnn_1d,37,residual_split_cp,piecewise_125,all_21,kill_v1__fd001__cnn_1d__piecewise_125__all_21__seed37,2629,15,2367,39.64228820800781,0.92,79.28457641601562,0.9551722158875637,79.28457641601562,0.9422322479403688,79.28457641601562,100,10196,,,,,,,,
uq_ref_v1__kill__fd001__cnn_1d__piecewise_125__common_14__seed37__residual_split_cp,kill_protocol_sensitivity,FD001,FD001,cnn_1d,37,residual_split_cp,piecewise_125,common_14,kill_v1__fd001__cnn_1d__piecewise_125__common_14__seed37,2629,15,2367,39.76618957519531,0.92,79.53237915039062,0.9512062872224587,79.53237915039062,0.9400745390349157,79.53237915039062,100,10196,,,,,,,,
uq_ref_v1__kill__fd001__cnn_1d__linear_uncapped__all_21__seed53__residual_split_cp,kill_protocol_sensitivity,FD001,FD001,cnn_1d,53,residual_split_cp,linear_uncapped,all_21,kill_v1__fd001__cnn_1d__linear_uncapped__all_21__seed53,2629,15,2367,65.54884338378906,0.97,131.09768676757812,0.904474483148652,131.09768676757812,0.8685759121224009,131.09768676757812,100,10196,,,,,,,,
uq_ref_v1__kill__fd001__cnn_1d__linear_uncapped__common_14__seed53__residual_split_cp,kill_protocol_sensitivity,FD001,FD001,cnn_1d,53,residual_split_cp,linear_uncapped,common_14,kill_v1__fd001__cnn_1d__linear_uncapped__common_14__seed53,2629,15,2367,64.98004913330078,0.98,129.96009826660156,0.9011356089410563,129.96009826660156,0.8655355041192625,129.96009826660156,100,10196,,,,,,,,
uq_ref_v1__kill__fd001__cnn_1d__piecewise_125__all_21__seed53__residual_split_cp,kill_protocol_sensitivity,FD001,FD001,cnn_1d,53,residual_split_cp,piecewise_125,all_21,kill_v1__fd001__cnn_1d__piecewise_125__all_21__seed53,2629,15,2367,40.03191375732422,0.92,80.06382751464844,0.949724298232288,80.06382751464844,0.9384072185170655,80.06382751464844,100,10196,,,,,,,,
uq_ref_v1__kill__fd001__cnn_1d__piecewise_125__common_14__seed53__residual_split_cp,kill_protocol_sensitivity,FD001,FD001,cnn_1d,53,residual_split_cp,piecewise_125,common_14,kill_v1__fd001__cnn_1d__piecewise_125__common_14__seed53,2629,15,2367,40.09690856933594,0.93,80.19381713867188,0.9529100731303902,80.19381713867188,0.9418399372302864,80.19381713867188,100,10196,,,,,,,,
uq_ref_v1__kill__fd001__cnn_1d__linear_uncapped__all_21__seed71__residual_split_cp,kill_protocol_sensitivity,FD001,FD001,cnn_1d,71,residual_split_cp,linear_uncapped,all_21,kill_v1__fd001__cnn_1d__linear_uncapped__all_21__seed71,2629,15,2367,66.78858947753906,0.97,133.57717895507812,0.9067448161155773,133.57717895507812,0.8703413103177716,133.57717895507812,100,10196,,,,,,,,
uq_ref_v1__kill__fd001__cnn_1d__linear_uncapped__common_14__seed71__residual_split_cp,kill_protocol_sensitivity,FD001,FD001,cnn_1d,71,residual_split_cp,linear_uncapped,common_14,kill_v1__fd001__cnn_1d__linear_uncapped__common_14__seed71,2629,15,2367,65.03515625,0.97,130.0703125,0.9038126768491679,130.0703125,0.8691643781875246,130.0703125,100,10196,,,,,,,,
uq_ref_v1__kill__fd001__cnn_1d__piecewise_125__all_21__seed71__residual_split_cp,kill_protocol_sensitivity,FD001,FD001,cnn_1d,71,residual_split_cp,piecewise_125,all_21,kill_v1__fd001__cnn_1d__piecewise_125__all_21__seed71,2629,15,2367,39.36991882324219,0.91,78.73983764648438,0.9497065604336689,78.73983764648438,0.9374264417418595,78.73983764648438,100,10196,,,,,,,,
uq_ref_v1__kill__fd001__cnn_1d__piecewise_125__common_14__seed71__residual_split_cp,kill_protocol_sensitivity,FD001,FD001,cnn_1d,71,residual_split_cp,piecewise_125,common_14,kill_v1__fd001__cnn_1d__piecewise_125__common_14__seed71,2629,15,2367,39.22771453857422,0.92,78.45542907714844,0.9520345708255827,78.45542907714844,0.9404668497449981,78.45542907714844,100,10196,,,,,,,,
uq_ref_v1__kill__fd001__lightgbm__linear_uncapped__all_21__seed11__residual_split_cp,kill_protocol_sensitivity,FD001,FD001,lightgbm,11,residual_split_cp,linear_uncapped,all_21,kill_v1__fd001__lightgbm__linear_uncapped__all_21__seed11,2629,15,2367,53.0809103585494,0.95,106.16182071709885,0.868461830796527,106.16182071709885,0.8357198901530012,106.16182071709882,100,10196,,,,,,,,
uq_ref_v1__kill__fd001__lightgbm__linear_uncapped__common_14__seed11__residual_split_cp,kill_protocol_sensitivity,FD001,FD001,lightgbm,11,residual_split_cp,linear_uncapped,common_14,kill_v1__fd001__lightgbm__linear_uncapped__common_14__seed11,2629,15,2367,51.668886706820956,0.95,103.33777341364188,0.8628930847291929,103.33777341364188,0.8301294625343272,103.33777341364191,100,10196,,,,,,,,
uq_ref_v1__kill__fd001__lightgbm__piecewise_125__all_21__seed11__residual_split_cp,kill_protocol_sensitivity,FD001,FD001,lightgbm,11,residual_split_cp,piecewise_125,all_21,kill_v1__fd001__lightgbm__piecewise_125__all_21__seed11,2629,15,2367,28.436321257678216,0.95,56.87264251535644,0.9365946538713384,56.87264251535644,0.9250686543742644,56.87264251535644,100,10196,,,,,,,,
uq_ref_v1__kill__fd001__lightgbm__piecewise_125__common_14__seed11__residual_split_cp,kill_protocol_sensitivity,FD001,FD001,lightgbm,11,residual_split_cp,piecewise_125,common_14,kill_v1__fd001__lightgbm__piecewise_125__common_14__seed11,2629,15,2367,28.436321257678216,0.95,56.87264251535644,0.9365946538713384,56.87264251535644,0.9250686543742644,56.87264251535644,100,10196,,,,,,,,
uq_ref_v1__kill__fd001__lightgbm__linear_uncapped__all_21__seed23__residual_split_cp,kill_protocol_sensitivity,FD001,FD001,lightgbm,23,residual_split_cp,linear_uncapped,all_21,kill_v1__fd001__lightgbm__linear_uncapped__all_21__seed23,2629,15,2367,53.0809103585494,0.95,106.16182071709885,0.868461830796527,106.16182071709885,0.8357198901530012,106.16182071709882,100,10196,,,,,,,,
uq_ref_v1__kill__fd001__lightgbm__linear_uncapped__common_14__seed23__residual_split_cp,kill_protocol_sensitivity,FD001,FD001,lightgbm,23,residual_split_cp,linear_uncapped,common_14,kill_v1__fd001__lightgbm__linear_uncapped__common_14__seed23,2629,15,2367,51.668886706820956,0.95,103.33777341364188,0.8628930847291929,103.33777341364188,0.8301294625343272,103.33777341364191,100,10196,,,,,,,,
uq_ref_v1__kill__fd001__lightgbm__piecewise_125__all_21__seed23__residual_split_cp,kill_protocol_sensitivity,FD001,FD001,lightgbm,23,residual_split_cp,piecewise_125,all_21,kill_v1__fd001__lightgbm__piecewise_125__all_21__seed23,2629,15,2367,28.436321257678216,0.95,56.87264251535644,0.9365946538713384,56.87264251535644,0.9250686543742644,56.87264251535644,100,10196,,,,,,,,
uq_ref_v1__kill__fd001__lightgbm__piecewise_125__common_14__seed23__residual_split_cp,kill_protocol_sensitivity,FD001,FD001,lightgbm,23,residual_split_cp,piecewise_125,common_14,kill_v1__fd001__lightgbm__piecewise_125__common_14__seed23,2629,15,2367,28.436321257678216,0.95,56.87264251535644,0.9365946538713384,56.87264251535644,0.9250686543742644,56.87264251535644,100,10196,,,,,,,,
uq_ref_v1__kill__fd001__lightgbm__linear_uncapped__all_21__seed37__residual_split_cp,kill_protocol_sensitivity,FD001,FD001,lightgbm,37,residual_split_cp,linear_uncapped,all_21,kill_v1__fd001__lightgbm__linear_uncapped__all_21__seed37,2629,15,2367,53.0809103585494,0.95,106.16182071709885,0.868461830796527,106.16182071709885,0.8357198901530012,106.16182071709882,100,10196,,,,,,,,
uq_ref_v1__kill__fd001__lightgbm__linear_uncapped__common_14__seed37__residual_split_cp,kill_protocol_sensitivity,FD001,FD001,lightgbm,37,residual_split_cp,linear_uncapped,common_14,kill_v1__fd001__lightgbm__linear_uncapped__common_14__seed37,2629,15,2367,51.668886706820956,0.95,103.33777341364188,0.8628930847291929,103.33777341364188,0.8301294625343272,103.33777341364191,100,10196,,,,,,,,
uq_ref_v1__kill__fd001__lightgbm__piecewise_125__all_21__seed37__residual_split_cp,kill_protocol_sensitivity,FD001,FD001,lightgbm,37,residual_split_cp,piecewise_125,all_21,kill_v1__fd001__lightgbm__piecewise_125__all_21__seed37,2629,15,2367,28.436321257678216,0.95,56.87264251535644,0.9365946538713384,56.87264251535644,0.9250686543742644,56.87264251535644,100,10196,,,,,,,,
uq_ref_v1__kill__fd001__lightgbm__piecewise_125__common_14__seed37__residual_split_cp,kill_protocol_sensitivity,FD001,FD001,lightgbm,37,residual_split_cp,piecewise_125,common_14,kill_v1__fd001__lightgbm__piecewise_125__common_14__seed37,2629,15,2367,28.436321257678216,0.95,56.87264251535644,0.9365946538713384,56.87264251535644,0.9250686543742644,56.87264251535644,100,10196,,,,,,,,
uq_ref_v1__kill__fd001__lightgbm__linear_uncapped__all_21__seed53__residual_split_cp,kill_protocol_sensitivity,FD001,FD001,lightgbm,53,residual_split_cp,linear_uncapped,all_21,kill_v1__fd001__lightgbm__linear_uncapped__all_21__seed53,2629,15,2367,53.0809103585494,0.95,106.16182071709885,0.868461830796527,106.16182071709885,0.8357198901530012,106.16182071709882,100,10196,,,,,,,,
uq_ref_v1__kill__fd001__lightgbm__linear_uncapped__common_14__seed53__residual_split_cp,kill_protocol_sensitivity,FD001,FD001,lightgbm,53,residual_split_cp,linear_uncapped,common_14,kill_v1__fd001__lightgbm__linear_uncapped__common_14__seed53,2629,15,2367,51.668886706820956,0.95,103.33777341364188,0.8628930847291929,103.33777341364188,0.8301294625343272,103.33777341364191,100,10196,,,,,,,,
uq_ref_v1__kill__fd001__lightgbm__piecewise_125__all_21__seed53__residual_split_cp,kill_protocol_sensitivity,FD001,FD001,lightgbm,53,residual_split_cp,piecewise_125,all_21,kill_v1__fd001__lightgbm__piecewise_125__all_21__seed53,2629,15,2367,28.436321257678216,0.95,56.87264251535644,0.9365946538713384,56.87264251535644,0.9250686543742644,56.87264251535644,100,10196,,,,,,,,
uq_ref_v1__kill__fd001__lightgbm__piecewise_125__common_14__seed53__residual_split_cp,kill_protocol_sensitivity,FD001,FD001,lightgbm,53,residual_split_cp,piecewise_125,common_14,kill_v1__fd001__lightgbm__piecewise_125__common_14__seed53,2629,15,2367,28.436321257678216,0.95,56.87264251535644,0.9365946538713384,56.87264251535644,0.9250686543742644,56.87264251535644,100,10196,,,,,,,,
uq_ref_v1__kill__fd001__lightgbm__linear_uncapped__all_21__seed71__residual_split_cp,kill_protocol_sensitivity,FD001,FD001,lightgbm,71,residual_split_cp,linear_uncapped,all_21,kill_v1__fd001__lightgbm__linear_uncapped__all_21__seed71,2629,15,2367,53.0809103585494,0.95,106.16182071709885,0.868461830796527,106.16182071709885,0.8357198901530012,106.16182071709882,100,10196,,,,,,,,
uq_ref_v1__kill__fd001__lightgbm__linear_uncapped__common_14__seed71__residual_split_cp,kill_protocol_sensitivity,FD001,FD001,lightgbm,71,residual_split_cp,linear_uncapped,common_14,kill_v1__fd001__lightgbm__linear_uncapped__common_14__seed71,2629,15,2367,51.668886706820956,0.95,103.33777341364188,0.8628930847291929,103.33777341364188,0.8301294625343272,103.33777341364191,100,10196,,,,,,,,
uq_ref_v1__kill__fd001__lightgbm__piecewise_125__all_21__seed71__residual_split_cp,kill_protocol_sensitivity,FD001,FD001,lightgbm,71,residual_split_cp,piecewise_125,all_21,kill_v1__fd001__lightgbm__piecewise_125__all_21__seed71,2629,15,2367,28.436321257678216,0.95,56.87264251535644,0.9365946538713384,56.87264251535644,0.9250686543742644,56.87264251535644,100,10196,,,,,,,,
uq_ref_v1__kill__fd001__lightgbm__piecewise_125__common_14__seed71__residual_split_cp,kill_protocol_sensitivity,FD001,FD001,lightgbm,71,residual_split_cp,piecewise_125,common_14,kill_v1__fd001__lightgbm__piecewise_125__common_14__seed71,2629,15,2367,28.436321257678216,0.95,56.87264251535644,0.9365946538713384,56.87264251535644,0.9250686543742644,56.87264251535644,100,10196,,,,,,,,
uq_ref_v1__kill__fd001__lstm__linear_uncapped__all_21__seed11__residual_split_cp,kill_protocol_sensitivity,FD001,FD001,lstm,11,residual_split_cp,linear_uncapped,all_21,kill_v1__fd001__lstm__linear_uncapped__all_21__seed11,2629,15,2367,67.08140563964844,1.0,134.16281127929688,0.8600350931601227,134.16281127929688,0.8127697136131816,134.16281127929688,100,10196,,,,,,,,
uq_ref_v1__kill__fd001__lstm__linear_uncapped__common_14__seed11__residual_split_cp,kill_protocol_sensitivity,FD001,FD001,lstm,11,residual_split_cp,linear_uncapped,common_14,kill_v1__fd001__lstm__linear_uncapped__common_14__seed11,2629,15,2367,88.64969635009766,1.0,177.2993927001953,0.890363089772291,177.2993927001953,0.8469988230678698,177.2993927001953,100,10196,,,,,,,,
uq_ref_v1__kill__fd001__lstm__piecewise_125__all_21__seed11__residual_split_cp,kill_protocol_sensitivity,FD001,FD001,lstm,11,residual_split_cp,piecewise_125,all_21,kill_v1__fd001__lstm__piecewise_125__all_21__seed11,2629,15,2367,29.798995971679688,0.92,59.597991943359375,0.8510240671383135,59.597991943359375,0.8371910553158102,59.597991943359375,100,10196,,,,,,,,
uq_ref_v1__kill__fd001__lstm__piecewise_125__common_14__seed11__residual_split_cp,kill_protocol_sensitivity,FD001,FD001,lstm,11,residual_split_cp,piecewise_125,common_14,kill_v1__fd001__lstm__piecewise_125__common_14__seed11,2629,15,2367,42.90141296386719,0.91,85.80282592773438,0.9152497757295691,85.80282592773438,0.9061396626127893,85.80282592773438,100,10196,,,,,,,,
uq_ref_v1__kill__fd001__lstm__linear_uncapped__all_21__seed23__residual_split_cp,kill_protocol_sensitivity,FD001,FD001,lstm,23,residual_split_cp,linear_uncapped,all_21,kill_v1__fd001__lstm__linear_uncapped__all_21__seed23,2629,15,2367,80.0922622680664,1.0,160.1845245361328,0.8598659467768773,160.1845245361328,0.8124754805806198,160.1845245361328,100,10196,,,,,,,,
uq_ref_v1__kill__fd001__lstm__linear_uncapped__common_14__seed23__residual_split_cp,kill_protocol_sensitivity,FD001,FD001,lstm,23,residual_split_cp,linear_uncapped,common_14,kill_v1__fd001__lstm__linear_uncapped__common_14__seed23,2629,15,2367,70.88572692871094,1.0,141.77145385742188,0.8587031285590535,141.77145385742188,0.8115927814829345,141.77145385742188,100,10196,,,,,,,,
uq_ref_v1__kill__fd001__lstm__piecewise_125__all_21__seed23__residual_split_cp,kill_protocol_sensitivity,FD001,FD001,lstm,23,residual_split_cp,piecewise_125,all_21,kill_v1__fd001__lstm__piecewise_125__all_21__seed23,2629,15,2367,39.90898895263672,0.96,79.81797790527344,0.9479213333664755,79.81797790527344,0.9302667712828561,79.81797790527344,100,10196,,,,,,,,
uq_ref_v1__kill__fd001__lstm__piecewise_125__common_14__seed23__residual_split_cp,kill_protocol_sensitivity,FD001,FD001,lstm,23,residual_split_cp,piecewise_125,common_14,kill_v1__fd001__lstm__piecewise_125__common_14__seed23,2629,15,2367,37.334083557128906,0.97,74.66816711425781,0.9220809361305866,74.66816711425781,0.9046684974499803,74.66816711425781,100,10196,,,,,,,,
uq_ref_v1__kill__fd001__lstm__linear_uncapped__all_21__seed37__residual_split_cp,kill_protocol_sensitivity,FD001,FD001,lstm,37,residual_split_cp,linear_uncapped,all_21,kill_v1__fd001__lstm__linear_uncapped__all_21__seed37,2629,15,2367,80.23149871826172,1.0,160.46299743652344,0.8789880300385599,160.46299743652344,0.8311102393095332,160.46299743652344,100,10196,,,,,,,,
uq_ref_v1__kill__fd001__lstm__linear_uncapped__common_14__seed37__residual_split_cp,kill_protocol_sensitivity,FD001,FD001,lstm,37,residual_split_cp,linear_uncapped,common_14,kill_v1__fd001__lstm__linear_uncapped__common_14__seed37,2629,15,2367,88.70840454101562,1.0,177.41680908203125,0.890363089772291,177.41680908203125,0.8469988230678698,177.41680908203125,100,10196,,,,,,,,
uq_ref_v1__kill__fd001__lstm__piecewise_125__all_21__seed37__residual_split_cp,kill_protocol_sensitivity,FD001,FD001,lstm,37,residual_split_cp,piecewise_125,all_21,kill_v1__fd001__lstm__piecewise_125__all_21__seed37,2629,15,2367,36.58252716064453,0.95,73.16505432128906,0.943827238132588,73.16505432128906,0.9259513534719498,73.16505432128906,100,10196,,,,,,,,
uq_ref_v1__kill__fd001__lstm__piecewise_125__common_14__seed37__residual_split_cp,kill_protocol_sensitivity,FD001,FD001,lstm,37,residual_split_cp,piecewise_125,common_14,kill_v1__fd001__lstm__piecewise_125__common_14__seed37,2629,15,2367,62.804290771484375,0.89,125.60858154296875,0.9950370237505776,125.60858154296875,0.992448018830914,125.60858154296875,100,10196,,,,,,,,
uq_ref_v1__kill__fd001__lstm__linear_uncapped__all_21__seed53__residual_split_cp,kill_protocol_sensitivity,FD001,FD001,lstm,53,residual_split_cp,linear_uncapped,all_21,kill_v1__fd001__lstm__linear_uncapped__all_21__seed53,2629,15,2367,88.70594024658203,1.0,177.41188049316406,0.890363089772291,177.41188049316406,0.8469988230678698,177.41188049316406,100,10196,,,,,,,,
uq_ref_v1__kill__fd001__lstm__linear_uncapped__common_14__seed53__residual_split_cp,kill_protocol_sensitivity,FD001,FD001,lstm,53,residual_split_cp,linear_uncapped,common_14,kill_v1__fd001__lstm__linear_uncapped__common_14__seed53,2629,15,2367,65.92147064208984,1.0,131.8429412841797,0.8599557361009247,131.8429412841797,0.8127697136131816,131.8429412841797,100,10196,,,,,,,,
uq_ref_v1__kill__fd001__lstm__piecewise_125__all_21__seed53__residual_split_cp,kill_protocol_sensitivity,FD001,FD001,lstm,53,residual_split_cp,piecewise_125,all_21,kill_v1__fd001__lstm__piecewise_125__all_21__seed53,2629,15,2367,62.81022644042969,0.89,125.62045288085938,0.9950370237505776,125.62045288085938,0.992448018830914,125.62045288085938,100,10196,,,,,,,,
uq_ref_v1__kill__fd001__lstm__piecewise_125__common_14__seed53__residual_split_cp,kill_protocol_sensitivity,FD001,FD001,lstm,53,residual_split_cp,piecewise_125,common_14,kill_v1__fd001__lstm__piecewise_125__common_14__seed53,2629,15,2367,28.83039093017578,0.92,57.66078186035156,0.9182169799397569,57.66078186035156,0.903785798352295,57.66078186035156,100,10196,,,,,,,,
uq_ref_v1__kill__fd001__lstm__linear_uncapped__all_21__seed71__residual_split_cp,kill_protocol_sensitivity,FD001,FD001,lstm,71,residual_split_cp,linear_uncapped,all_21,kill_v1__fd001__lstm__linear_uncapped__all_21__seed71,2629,15,2367,70.20089721679688,1.0,140.40179443359375,0.8597692555510166,140.40179443359375,0.8124754805806198,140.40179443359375,100,10196,,,,,,,,
uq_ref_v1__kill__fd001__lstm__linear_uncapped__common_14__seed71__residual_split_cp,kill_protocol_sensitivity,FD001,FD001,lstm,71,residual_split_cp,linear_uncapped,common_14,kill_v1__fd001__lstm__linear_uncapped__common_14__seed71,2629,15,2367,88.59870910644531,1.0,177.19741821289062,0.890363089772291,177.19741821289062,0.8469988230678698,177.19741821289062,100,10196,,,,,,,,
uq_ref_v1__kill__fd001__lstm__piecewise_125__all_21__seed71__residual_split_cp,kill_protocol_sensitivity,FD001,FD001,lstm,71,residual_split_cp,piecewise_125,all_21,kill_v1__fd001__lstm__piecewise_125__all_21__seed71,2629,15,2367,30.771438598632812,0.94,61.542877197265625,0.9236344049238775,61.542877197265625,0.9080031384856807,61.542877197265625,100,10196,,,,,,,,
uq_ref_v1__kill__fd001__lstm__piecewise_125__common_14__seed71__residual_split_cp,kill_protocol_sensitivity,FD001,FD001,lstm,71,residual_split_cp,piecewise_125,common_14,kill_v1__fd001__lstm__piecewise_125__common_14__seed71,2629,15,2367,62.75703430175781,0.89,125.51406860351562,0.9950370237505776,125.51406860351562,0.992448018830914,125.51406860351562,100,10196,,,,,,,,
uq_ref_v1__kill__fd004__cnn_1d__linear_uncapped__all_21__seed11__residual_split_cp,kill_protocol_sensitivity,FD004,FD004,cnn_1d,11,residual_split_cp,linear_uncapped,all_21,kill_v1__fd004__cnn_1d__linear_uncapped__all_21__seed11,7662,37,6897,88.28419494628906,0.9153225806451613,176.56838989257812,0.882675340584556,176.56838989257812,0.8161445500410653,176.56838989257812,248,34092,,,,,,,,
uq_ref_v1__kill__fd004__cnn_1d__linear_uncapped__common_14__seed11__residual_split_cp,kill_protocol_sensitivity,FD004,FD004,cnn_1d,11,residual_split_cp,linear_uncapped,common_14,kill_v1__fd004__cnn_1d__linear_uncapped__common_14__seed11,7662,37,6897,86.52904510498047,0.9395161290322581,173.05809020996094,0.8578990880814185,173.05809020996094,0.7904200398920568,173.05809020996094,248,34092,,,,,,,,
uq_ref_v1__kill__fd004__cnn_1d__piecewise_125__all_21__seed11__residual_split_cp,kill_protocol_sensitivity,FD004,FD004,cnn_1d,11,residual_split_cp,piecewise_125,all_21,kill_v1__fd004__cnn_1d__piecewise_125__all_21__seed11,7662,37,6897,35.66792297363281,0.8387096774193549,71.33584594726562,0.9068278921172389,71.33584594726562,0.9116801595682271,71.33584594726562,248,34092,,,,,,,,
uq_ref_v1__kill__fd004__cnn_1d__piecewise_125__common_14__seed11__residual_split_cp,kill_protocol_sensitivity,FD004,FD004,cnn_1d,11,residual_split_cp,piecewise_125,common_14,kill_v1__fd004__cnn_1d__piecewise_125__common_14__seed11,7662,37,6897,39.844871520996094,0.8548387096774194,79.68974304199219,0.9248987562184658,79.68974304199219,0.927900973835504,79.68974304199219,248,34092,,,,,,,,
uq_ref_v1__kill__fd004__cnn_1d__linear_uncapped__all_21__seed23__residual_split_cp,kill_protocol_sensitivity,FD004,FD004,cnn_1d,23,residual_split_cp,linear_uncapped,all_21,kill_v1__fd004__cnn_1d__linear_uncapped__all_21__seed23,7662,37,6897,87.53060913085938,0.9112903225806451,175.06121826171875,0.8642078745292743,175.06121826171875,0.8033262935586061,175.06121826171875,248,34092,,,,,,,,
uq_ref_v1__kill__fd004__cnn_1d__linear_uncapped__common_14__seed23__residual_split_cp,kill_protocol_sensitivity,FD004,FD004,cnn_1d,23,residual_split_cp,linear_uncapped,common_14,kill_v1__fd004__cnn_1d__linear_uncapped__common_14__seed23,7662,37,6897,86.92799377441406,0.9193548387096774,173.85598754882812,0.8557879723619107,173.85598754882812,0.7943799131761117,173.85598754882812,248,34092,,,,,,,,
uq_ref_v1__kill__fd004__cnn_1d__piecewise_125__all_21__seed23__residual_split_cp,kill_protocol_sensitivity,FD004,FD004,cnn_1d,23,residual_split_cp,piecewise_125,all_21,kill_v1__fd004__cnn_1d__piecewise_125__all_21__seed23,7662,37,6897,37.024627685546875,0.8709677419354839,74.04925537109375,0.9154496873915011,74.04925537109375,0.9196292385310336,74.04925537109375,248,34092,,,,,,,,
uq_ref_v1__kill__fd004__cnn_1d__piecewise_125__common_14__seed23__residual_split_cp,kill_protocol_sensitivity,FD004,FD004,cnn_1d,23,residual_split_cp,piecewise_125,common_14,kill_v1__fd004__cnn_1d__piecewise_125__common_14__seed23,7662,37,6897,42.55864715576172,0.8669354838709677,85.11729431152344,0.9293132062756742,85.11729431152344,0.9330928076968203,85.11729431152344,248,34092,,,,,,,,
uq_ref_v1__kill__fd004__cnn_1d__linear_uncapped__all_21__seed37__residual_split_cp,kill_protocol_sensitivity,FD004,FD004,cnn_1d,37,residual_split_cp,linear_uncapped,all_21,kill_v1__fd004__cnn_1d__linear_uncapped__all_21__seed37,7662,37,6897,84.29139709472656,0.9274193548387096,168.58279418945312,0.8560228379189384,168.58279418945312,0.7912706793382612,168.58279418945312,248,34092,,,,,,,,
uq_ref_v1__kill__fd004__cnn_1d__linear_uncapped__common_14__seed37__residual_split_cp,kill_protocol_sensitivity,FD004,FD004,cnn_1d,37,residual_split_cp,linear_uncapped,common_14,kill_v1__fd004__cnn_1d__linear_uncapped__common_14__seed37,7662,37,6897,86.86444854736328,0.9112903225806451,173.72889709472656,0.8583196401231744,173.72889709472656,0.7928839610465799,173.72889709472656,248,34092,,,,,,,,
uq_ref_v1__kill__fd004__cnn_1d__piecewise_125__all_21__seed37__residual_split_cp,kill_protocol_sensitivity,FD004,FD004,cnn_1d,37,residual_split_cp,piecewise_125,all_21,kill_v1__fd004__cnn_1d__piecewise_125__all_21__seed37,7662,37,6897,37.492774963378906,0.8709677419354839,74.98554992675781,0.9224426532238456,74.98554992675781,0.9241170949196292,74.98554992675781,248,34092,,,,,,,,
uq_ref_v1__kill__fd004__cnn_1d__piecewise_125__common_14__seed37__residual_split_cp,kill_protocol_sensitivity,FD004,FD004,cnn_1d,37,residual_split_cp,piecewise_125,common_14,kill_v1__fd004__cnn_1d__piecewise_125__common_14__seed37,7662,37,6897,41.65779113769531,0.8709677419354839,83.31558227539062,0.9301237597409907,83.31558227539062,0.9329754781180336,83.31558227539062,248,34092,,,,,,,,
uq_ref_v1__kill__fd004__cnn_1d__linear_uncapped__all_21__seed53__residual_split_cp,kill_protocol_sensitivity,FD004,FD004,cnn_1d,53,residual_split_cp,linear_uncapped,all_21,kill_v1__fd004__cnn_1d__linear_uncapped__all_21__seed53,7662,37,6897,83.77841186523438,0.9314516129032258,167.55682373046875,0.8606843689949655,167.55682373046875,0.7909773553912941,167.55682373046875,248,34092,,,,,,,,
uq_ref_v1__kill__fd004__cnn_1d__linear_uncapped__common_14__seed53__residual_split_cp,kill_protocol_sensitivity,FD004,FD004,cnn_1d,53,residual_split_cp,linear_uncapped,common_14,kill_v1__fd004__cnn_1d__linear_uncapped__common_14__seed53,7662,37,6897,86.1297607421875,0.9274193548387096,172.259521484375,0.8587389215699998,172.259521484375,0.79305995541476,172.259521484375,248,34092,,,,,,,,
uq_ref_v1__kill__fd004__cnn_1d__piecewise_125__all_21__seed53__residual_split_cp,kill_protocol_sensitivity,FD004,FD004,cnn_1d,53,residual_split_cp,piecewise_125,all_21,kill_v1__fd004__cnn_1d__piecewise_125__all_21__seed53,7662,37,6897,37.94499969482422,0.8709677419354839,75.88999938964844,0.9080807015091621,75.88999938964844,0.9115334975947437,75.88999938964844,248,34092,,,,,,,,
uq_ref_v1__kill__fd004__cnn_1d__piecewise_125__common_14__seed53__residual_split_cp,kill_protocol_sensitivity,FD004,FD004,cnn_1d,53,residual_split_cp,piecewise_125,common_14,kill_v1__fd004__cnn_1d__piecewise_125__common_14__seed53,7662,37,6897,40.712188720703125,0.8508064516129032,81.42437744140625,0.9241543876713745,81.42437744140625,0.9267570104423325,81.42437744140625,248,34092,,,,,,,,
uq_ref_v1__kill__fd004__cnn_1d__linear_uncapped__all_21__seed71__residual_split_cp,kill_protocol_sensitivity,FD004,FD004,cnn_1d,71,residual_split_cp,linear_uncapped,all_21,kill_v1__fd004__cnn_1d__linear_uncapped__all_21__seed71,7662,37,6897,84.41034698486328,0.9153225806451613,168.82069396972656,0.855652377085049,168.82069396972656,0.7903907074973601,168.82069396972656,248,34092,,,,,,,,
uq_ref_v1__kill__fd004__cnn_1d__linear_uncapped__common_14__seed71__residual_split_cp,kill_protocol_sensitivity,FD004,FD004,cnn_1d,71,residual_split_cp,linear_uncapped,common_14,kill_v1__fd004__cnn_1d__linear_uncapped__common_14__seed71,7662,37,6897,86.41120910644531,0.9354838709677419,172.82241821289062,0.855287682565018,172.82241821289062,0.7889534201572216,172.82241821289062,248,34092,,,,,,,,
uq_ref_v1__kill__fd004__cnn_1d__piecewise_125__all_21__seed71__residual_split_cp,kill_protocol_sensitivity,FD004,FD004,cnn_1d,71,residual_split_cp,piecewise_125,all_21,kill_v1__fd004__cnn_1d__piecewise_125__all_21__seed71,7662,37,6897,38.33415222167969,0.8790322580645161,76.66830444335938,0.9260231606716641,76.66830444335938,0.927988971019594,76.66830444335938,248,34092,,,,,,,,
uq_ref_v1__kill__fd004__cnn_1d__piecewise_125__common_14__seed71__residual_split_cp,kill_protocol_sensitivity,FD004,FD004,cnn_1d,71,residual_split_cp,piecewise_125,common_14,kill_v1__fd004__cnn_1d__piecewise_125__common_14__seed71,7662,37,6897,44.2685546875,0.8629032258064516,88.537109375,0.9426191506873546,88.537109375,0.9437404669717235,88.537109375,248,34092,,,,,,,,
uq_ref_v1__kill__fd004__lightgbm__linear_uncapped__all_21__seed11__residual_split_cp,kill_protocol_sensitivity,FD004,FD004,lightgbm,11,residual_split_cp,linear_uncapped,all_21,kill_v1__fd004__lightgbm__linear_uncapped__all_21__seed11,7662,37,6897,82.28299212057252,0.9637096774193549,164.56598424114506,0.880016118440455,164.56598424114506,0.8286694825765576,164.56598424114506,248,34092,,,,,,,,
uq_ref_v1__kill__fd004__lightgbm__linear_uncapped__common_14__seed11__residual_split_cp,kill_protocol_sensitivity,FD004,FD004,lightgbm,11,residual_split_cp,linear_uncapped,common_14,kill_v1__fd004__lightgbm__linear_uncapped__common_14__seed11,7662,37,6897,81.59823349385988,0.9596774193548387,163.19646698771976,0.8743264412433515,163.19646698771976,0.8270268684735422,163.19646698771976,248,34092,,,,,,,,
uq_ref_v1__kill__fd004__lightgbm__piecewise_125__all_21__seed11__residual_split_cp,kill_protocol_sensitivity,FD004,FD004,lightgbm,11,residual_split_cp,piecewise_125,all_21,kill_v1__fd004__lightgbm__piecewise_125__all_21__seed11,7662,37,6897,32.2790031307701,0.8991935483870968,64.55800626154019,0.9171250266524525,64.55800626154019,0.927988971019594,64.55800626154019,248,34092,,,,,,,,
uq_ref_v1__kill__fd004__lightgbm__piecewise_125__common_14__seed11__residual_split_cp,kill_protocol_sensitivity,FD004,FD004,lightgbm,11,residual_split_cp,piecewise_125,common_14,kill_v1__fd004__lightgbm__piecewise_125__common_14__seed11,7662,37,6897,31.060274788929036,0.8991935483870968,62.120549577858085,0.911647698532583,62.120549577858085,0.9235597794203919,62.120549577858085,248,34092,,,,,,,,
uq_ref_v1__kill__fd004__lightgbm__linear_uncapped__all_21__seed23__residual_split_cp,kill_protocol_sensitivity,FD004,FD004,lightgbm,23,residual_split_cp,linear_uncapped,all_21,kill_v1__fd004__lightgbm__linear_uncapped__all_21__seed23,7662,37,6897,82.28299212057252,0.9637096774193549,164.56598424114506,0.880016118440455,164.56598424114506,0.8286694825765576,164.56598424114506,248,34092,,,,,,,,
uq_ref_v1__kill__fd004__lightgbm__linear_uncapped__common_14__seed23__residual_split_cp,kill_protocol_sensitivity,FD004,FD004,lightgbm,23,residual_split_cp,linear_uncapped,common_14,kill_v1__fd004__lightgbm__linear_uncapped__common_14__seed23,7662,37,6897,81.59823349385988,0.9596774193548387,163.19646698771976,0.8743264412433515,163.19646698771976,0.8270268684735422,163.19646698771976,248,34092,,,,,,,,
uq_ref_v1__kill__fd004__lightgbm__piecewise_125__all_21__seed23__residual_split_cp,kill_protocol_sensitivity,FD004,FD004,lightgbm,23,residual_split_cp,piecewise_125,all_21,kill_v1__fd004__lightgbm__piecewise_125__all_21__seed23,7662,37,6897,32.2790031307701,0.8991935483870968,64.55800626154019,0.9171250266524525,64.55800626154019,0.927988971019594,64.55800626154019,248,34092,,,,,,,,
uq_ref_v1__kill__fd004__lightgbm__piecewise_125__common_14__seed23__residual_split_cp,kill_protocol_sensitivity,FD004,FD004,lightgbm,23,residual_split_cp,piecewise_125,common_14,kill_v1__fd004__lightgbm__piecewise_125__common_14__seed23,7662,37,6897,31.060274788929036,0.8991935483870968,62.120549577858085,0.911647698532583,62.120549577858085,0.9235597794203919,62.120549577858085,248,34092,,,,,,,,
uq_ref_v1__kill__fd004__lightgbm__linear_uncapped__all_21__seed37__residual_split_cp,kill_protocol_sensitivity,FD004,FD004,lightgbm,37,residual_split_cp,linear_uncapped,all_21,kill_v1__fd004__lightgbm__linear_uncapped__all_21__seed37,7662,37,6897,82.28299212057252,0.9637096774193549,164.56598424114506,0.880016118440455,164.56598424114506,0.8286694825765576,164.56598424114506,248,34092,,,,,,,,
uq_ref_v1__kill__fd004__lightgbm__linear_uncapped__common_14__seed37__residual_split_cp,kill_protocol_sensitivity,FD004,FD004,lightgbm,37,residual_split_cp,linear_uncapped,common_14,kill_v1__fd004__lightgbm__linear_uncapped__common_14__seed37,7662,37,6897,81.59823349385988,0.9596774193548387,163.19646698771976,0.8743264412433515,163.19646698771976,0.8270268684735422,163.19646698771976,248,34092,,,,,,,,
uq_ref_v1__kill__fd004__lightgbm__piecewise_125__all_21__seed37__residual_split_cp,kill_protocol_sensitivity,FD004,FD004,lightgbm,37,residual_split_cp,piecewise_125,all_21,kill_v1__fd004__lightgbm__piecewise_125__all_21__seed37,7662,37,6897,32.2790031307701,0.8991935483870968,64.55800626154019,0.9171250266524525,64.55800626154019,0.927988971019594,64.55800626154019,248,34092,,,,,,,,
uq_ref_v1__kill__fd004__lightgbm__piecewise_125__common_14__seed37__residual_split_cp,kill_protocol_sensitivity,FD004,FD004,lightgbm,37,residual_split_cp,piecewise_125,common_14,kill_v1__fd004__lightgbm__piecewise_125__common_14__seed37,7662,37,6897,31.060274788929036,0.8991935483870968,62.120549577858085,0.911647698532583,62.120549577858085,0.9235597794203919,62.120549577858085,248,34092,,,,,,,,
uq_ref_v1__kill__fd004__lightgbm__linear_uncapped__all_21__seed53__residual_split_cp,kill_protocol_sensitivity,FD004,FD004,lightgbm,53,residual_split_cp,linear_uncapped,all_21,kill_v1__fd004__lightgbm__linear_uncapped__all_21__seed53,7662,37,6897,82.28299212057252,0.9637096774193549,164.56598424114506,0.880016118440455,164.56598424114506,0.8286694825765576,164.56598424114506,248,34092,,,,,,,,
uq_ref_v1__kill__fd004__lightgbm__linear_uncapped__common_14__seed53__residual_split_cp,kill_protocol_sensitivity,FD004,FD004,lightgbm,53,residual_split_cp,linear_uncapped,common_14,kill_v1__fd004__lightgbm__linear_uncapped__common_14__seed53,7662,37,6897,81.59823349385988,0.9596774193548387,163.19646698771976,0.8743264412433515,163.19646698771976,0.8270268684735422,163.19646698771976,248,34092,,,,,,,,
uq_ref_v1__kill__fd004__lightgbm__piecewise_125__all_21__seed53__residual_split_cp,kill_protocol_sensitivity,FD004,FD004,lightgbm,53,residual_split_cp,piecewise_125,all_21,kill_v1__fd004__lightgbm__piecewise_125__all_21__seed53,7662,37,6897,32.2790031307701,0.8991935483870968,64.55800626154019,0.9171250266524525,64.55800626154019,0.927988971019594,64.55800626154019,248,34092,,,,,,,,
uq_ref_v1__kill__fd004__lightgbm__piecewise_125__common_14__seed53__residual_split_cp,kill_protocol_sensitivity,FD004,FD004,lightgbm,53,residual_split_cp,piecewise_125,common_14,kill_v1__fd004__lightgbm__piecewise_125__common_14__seed53,7662,37,6897,31.060274788929036,0.8991935483870968,62.120549577858085,0.911647698532583,62.120549577858085,0.9235597794203919,62.120549577858085,248,34092,,,,,,,,
uq_ref_v1__kill__fd004__lightgbm__linear_uncapped__all_21__seed71__residual_split_cp,kill_protocol_sensitivity,FD004,FD004,lightgbm,71,residual_split_cp,linear_uncapped,all_21,kill_v1__fd004__lightgbm__linear_uncapped__all_21__seed71,7662,37,6897,82.28299212057252,0.9637096774193549,164.56598424114506,0.880016118440455,164.56598424114506,0.8286694825765576,164.56598424114506,248,34092,,,,,,,,
uq_ref_v1__kill__fd004__lightgbm__linear_uncapped__common_14__seed71__residual_split_cp,kill_protocol_sensitivity,FD004,FD004,lightgbm,71,residual_split_cp,linear_uncapped,common_14,kill_v1__fd004__lightgbm__linear_uncapped__common_14__seed71,7662,37,6897,81.59823349385988,0.9596774193548387,163.19646698771976,0.8743264412433515,163.19646698771976,0.8270268684735422,163.19646698771976,248,34092,,,,,,,,
uq_ref_v1__kill__fd004__lightgbm__piecewise_125__all_21__seed71__residual_split_cp,kill_protocol_sensitivity,FD004,FD004,lightgbm,71,residual_split_cp,piecewise_125,all_21,kill_v1__fd004__lightgbm__piecewise_125__all_21__seed71,7662,37,6897,32.2790031307701,0.8991935483870968,64.55800626154019,0.9171250266524525,64.55800626154019,0.927988971019594,64.55800626154019,248,34092,,,,,,,,
uq_ref_v1__kill__fd004__lightgbm__piecewise_125__common_14__seed71__residual_split_cp,kill_protocol_sensitivity,FD004,FD004,lightgbm,71,residual_split_cp,piecewise_125,common_14,kill_v1__fd004__lightgbm__piecewise_125__common_14__seed71,7662,37,6897,31.060274788929036,0.8991935483870968,62.120549577858085,0.911647698532583,62.120549577858085,0.9235597794203919,62.120549577858085,248,34092,,,,,,,,
uq_ref_v1__kill__fd004__lstm__linear_uncapped__all_21__seed11__residual_split_cp,kill_protocol_sensitivity,FD004,FD004,lstm,11,residual_split_cp,linear_uncapped,all_21,kill_v1__fd004__lstm__linear_uncapped__all_21__seed11,7662,37,6897,110.3130111694336,1.0,220.6260223388672,0.8490250375311775,220.6260223388672,0.7517599436818022,220.6260223388672,248,34092,,,,,,,,
uq_ref_v1__kill__fd004__lstm__linear_uncapped__common_14__seed11__residual_split_cp,kill_protocol_sensitivity,FD004,FD004,lstm,11,residual_split_cp,linear_uncapped,common_14,kill_v1__fd004__lstm__linear_uncapped__common_14__seed11,7662,37,6897,110.22987365722656,1.0,220.45974731445312,0.8490424179538694,220.45974731445312,0.7517892760764989,220.45974731445312,248,34092,,,,,,,,
uq_ref_v1__kill__fd004__lstm__piecewise_125__all_21__seed11__residual_split_cp,kill_protocol_sensitivity,FD004,FD004,lstm,11,residual_split_cp,piecewise_125,all_21,kill_v1__fd004__lstm__piecewise_125__all_21__seed11,7662,37,6897,66.62417602539062,0.8387096774193549,133.24835205078125,0.9898327124916485,133.24835205078125,0.9894696703038837,133.24835205078125,248,34092,,,,,,,,
uq_ref_v1__kill__fd004__lstm__piecewise_125__common_14__seed11__residual_split_cp,kill_protocol_sensitivity,FD004,FD004,lstm,11,residual_split_cp,piecewise_125,common_14,kill_v1__fd004__lstm__piecewise_125__common_14__seed11,7662,37,6897,66.66261291503906,0.8387096774193549,133.32522583007812,0.9898227808215389,133.32522583007812,0.989440337909187,133.32522583007812,248,34092,,,,,,,,
uq_ref_v1__kill__fd004__lstm__linear_uncapped__all_21__seed23__residual_split_cp,kill_protocol_sensitivity,FD004,FD004,lstm,23,residual_split_cp,linear_uncapped,all_21,kill_v1__fd004__lstm__linear_uncapped__all_21__seed23,7662,37,6897,110.184326171875,1.0,220.36865234375,0.8490250375311775,220.36865234375,0.7517599436818022,220.36865234375,248,34092,,,,,,,,
uq_ref_v1__kill__fd004__lstm__linear_uncapped__common_14__seed23__residual_split_cp,kill_protocol_sensitivity,FD004,FD004,lstm,23,residual_split_cp,linear_uncapped,common_14,kill_v1__fd004__lstm__linear_uncapped__common_14__seed23,7662,37,6897,110.09794616699219,1.0,220.19589233398438,0.8491090880390222,220.19589233398438,0.7519066056552857,220.19589233398438,248,34092,,,,,,,,
uq_ref_v1__kill__fd004__lstm__piecewise_125__all_21__seed23__residual_split_cp,kill_protocol_sensitivity,FD004,FD004,lstm,23,residual_split_cp,piecewise_125,all_21,kill_v1__fd004__lstm__piecewise_125__all_21__seed23,7662,37,6897,66.70146179199219,0.8387096774193549,133.40292358398438,0.9898327124916485,133.40292358398438,0.9894696703038837,133.40292358398438,248,34092,,,,,,,,
uq_ref_v1__kill__fd004__lstm__piecewise_125__common_14__seed23__residual_split_cp,kill_protocol_sensitivity,FD004,FD004,lstm,23,residual_split_cp,piecewise_125,common_14,kill_v1__fd004__lstm__piecewise_125__common_14__seed23,7662,37,6897,66.74055480957031,0.8387096774193549,133.48110961914062,0.9898327124916485,133.48110961914062,0.9894696703038837,133.48110961914062,248,34092,,,,,,,,
uq_ref_v1__kill__fd004__lstm__linear_uncapped__all_21__seed37__residual_split_cp,kill_protocol_sensitivity,FD004,FD004,lstm,37,residual_split_cp,linear_uncapped,all_21,kill_v1__fd004__lstm__linear_uncapped__all_21__seed37,7662,37,6897,110.08637237548828,1.0,220.17274475097656,0.8490078056591069,220.17274475097656,0.7517306112871055,220.17274475097656,248,34092,,,,,,,,
uq_ref_v1__kill__fd004__lstm__linear_uncapped__common_14__seed37__residual_split_cp,kill_protocol_sensitivity,FD004,FD004,lstm,37,residual_split_cp,linear_uncapped,common_14,kill_v1__fd004__lstm__linear_uncapped__common_14__seed37,7662,37,6897,110.03364562988281,1.0,220.06729125976562,0.8506152663794988,220.06729125976562,0.753549219758301,220.06729125976562,248,34092,,,,,,,,
uq_ref_v1__kill__fd004__lstm__piecewise_125__all_21__seed37__residual_split_cp,kill_protocol_sensitivity,FD004,FD004,lstm,37,residual_split_cp,piecewise_125,all_21,kill_v1__fd004__lstm__piecewise_125__all_21__seed37,7662,37,6897,66.6671371459961,0.8387096774193549,133.3342742919922,0.9898054749929357,133.3342742919922,0.9894110055144902,133.3342742919922,248,34092,,,,,,,,
uq_ref_v1__kill__fd004__lstm__piecewise_125__common_14__seed37__residual_split_cp,kill_protocol_sensitivity,FD004,FD004,lstm,37,residual_split_cp,piecewise_125,common_14,kill_v1__fd004__lstm__piecewise_125__common_14__seed37,7662,37,6897,66.7228775024414,0.8387096774193549,133.4457550048828,0.9897770788093828,133.4457550048828,0.9893816731197935,133.4457550048828,248,34092,,,,,,,,
uq_ref_v1__kill__fd004__lstm__linear_uncapped__all_21__seed53__residual_split_cp,kill_protocol_sensitivity,FD004,FD004,lstm,53,residual_split_cp,linear_uncapped,all_21,kill_v1__fd004__lstm__linear_uncapped__all_21__seed53,7662,37,6897,110.16731262207031,1.0,220.33462524414062,0.8490768816980105,220.33462524414062,0.7518479408658922,220.33462524414062,248,34092,,,,,,,,
uq_ref_v1__kill__fd004__lstm__linear_uncapped__common_14__seed53__residual_split_cp,kill_protocol_sensitivity,FD004,FD004,lstm,53,residual_split_cp,linear_uncapped,common_14,kill_v1__fd004__lstm__linear_uncapped__common_14__seed53,7662,37,6897,110.06752014160156,1.0,220.13504028320312,0.8490250375311775,220.13504028320312,0.7517599436818022,220.13504028320312,248,34092,,,,,,,,
uq_ref_v1__kill__fd004__lstm__piecewise_125__all_21__seed53__residual_split_cp,kill_protocol_sensitivity,FD004,FD004,lstm,53,residual_split_cp,piecewise_125,all_21,kill_v1__fd004__lstm__piecewise_125__all_21__seed53,7662,37,6897,66.67999267578125,0.8387096774193549,133.3599853515625,0.9898054749929357,133.3599853515625,0.9894110055144902,133.3599853515625,248,34092,,,,,,,,
uq_ref_v1__kill__fd004__lstm__piecewise_125__common_14__seed53__residual_split_cp,kill_protocol_sensitivity,FD004,FD004,lstm,53,residual_split_cp,piecewise_125,common_14,kill_v1__fd004__lstm__piecewise_125__common_14__seed53,7662,37,6897,66.72367095947266,0.8387096774193549,133.4473419189453,0.9897770788093828,133.4473419189453,0.9893816731197935,133.4473419189453,248,34092,,,,,,,,
uq_ref_v1__kill__fd004__lstm__linear_uncapped__all_21__seed71__residual_split_cp,kill_protocol_sensitivity,FD004,FD004,lstm,71,residual_split_cp,linear_uncapped,all_21,kill_v1__fd004__lstm__linear_uncapped__all_21__seed71,7662,37,6897,110.2144775390625,1.0,220.428955078125,0.8490627828935893,220.428955078125,0.7518186084711956,220.428955078125,248,34092,,,,,,,,
uq_ref_v1__kill__fd004__lstm__linear_uncapped__common_14__seed71__residual_split_cp,kill_protocol_sensitivity,FD004,FD004,lstm,71,residual_split_cp,linear_uncapped,common_14,kill_v1__fd004__lstm__linear_uncapped__common_14__seed71,7662,37,6897,110.26889038085938,1.0,220.53778076171875,0.8490078056591069,220.53778076171875,0.7517306112871055,220.53778076171875,248,34092,,,,,,,,
uq_ref_v1__kill__fd004__lstm__piecewise_125__all_21__seed71__residual_split_cp,kill_protocol_sensitivity,FD004,FD004,lstm,71,residual_split_cp,piecewise_125,all_21,kill_v1__fd004__lstm__piecewise_125__all_21__seed71,7662,37,6897,66.63035583496094,0.8387096774193549,133.26071166992188,0.9898054749929357,133.26071166992188,0.9894110055144902,133.26071166992188,248,34092,,,,,,,,
uq_ref_v1__kill__fd004__lstm__piecewise_125__common_14__seed71__residual_split_cp,kill_protocol_sensitivity,FD004,FD004,lstm,71,residual_split_cp,piecewise_125,common_14,kill_v1__fd004__lstm__piecewise_125__common_14__seed71,7662,37,6897,66.60382080078125,0.8387096774193549,133.2076416015625,0.9897426150652416,133.2076416015625,0.9893523407250968,133.2076416015625,248,34092,,,,,,,,
uq_ref_v1__unified__fd001__cnn_1d__seed11__cqr,unified_reference,C-MAPSS,FD001,cnn_1d,11,cqr,piecewise_125,common_14,unified_v1__fd001__cnn_1d__seed11__quantile,2629,15,2367,8.856399536132812,0.93,82.12704239130021,0.9464224667840462,85.14012456161703,0.9328167908983915,84.87150579976212,100,10196,0.79,64.41424331903458,0.8591981997156687,67.42732548935139,0.8471949784229109,67.1587067274965,100.0,10196.0
uq_ref_v1__unified__fd001__cnn_1d__seed11__residual_split_cp,unified_reference,C-MAPSS,FD001,cnn_1d,11,residual_split_cp,piecewise_125,common_14,unified_v1__fd001__cnn_1d__seed11__point,2629,15,2367,39.823448181152344,0.92,79.64689636230469,0.9557538807985153,79.64689636230469,0.9448803452334249,79.64689636230469,100,10196,,,,,,,,
uq_ref_v1__unified__fd001__cnn_1d__seed23__cqr,unified_reference,C-MAPSS,FD001,cnn_1d,23,cqr,piecewise_125,common_14,unified_v1__fd001__cnn_1d__seed23__quantile,2629,15,2367,10.115692138671875,0.93,81.55460800647735,0.9442926151275999,84.3438329997991,0.929776382895253,84.05249920628874,100,10196,0.82,61.32322372913361,0.8294606835799552,64.11244872245534,0.8190466849744998,63.82111492894499,100.0,10196.0
uq_ref_v1__unified__fd001__cnn_1d__seed23__residual_split_cp,unified_reference,C-MAPSS,FD001,cnn_1d,23,residual_split_cp,piecewise_125,common_14,unified_v1__fd001__cnn_1d__seed23__point,2629,15,2367,41.183563232421875,0.92,82.36712646484375,0.9493249099346661,82.36712646484375,0.9371322087092978,82.36712646484375,100,10196,,,,,,,,
uq_ref_v1__unified__fd001__cnn_1d__seed37__cqr,unified_reference,C-MAPSS,FD001,cnn_1d,37,cqr,piecewise_125,common_14,unified_v1__fd001__cnn_1d__seed37__quantile,2629,15,2367,8.564483642578125,0.91,82.83902712345123,0.9324164542787641,86.64494942812577,0.9214397803060024,86.36951951243542,100,10196,0.82,65.71005983829498,0.8486877863050577,69.51598214296952,0.8400353079639075,69.24055222727917,100.0,10196.0
uq_ref_v1__unified__fd001__cnn_1d__seed37__residual_split_cp,unified_reference,C-MAPSS,FD001,cnn_1d,37,residual_split_cp,piecewise_125,common_14,unified_v1__fd001__cnn_1d__seed37__point,2629,15,2367,39.76618957519531,0.92,79.53237915039062,0.9512062872224587,79.53237915039062,0.9400745390349157,79.53237915039062,100,10196,,,,,,,,
uq_ref_v1__unified__fd001__cnn_1d__seed53__cqr,unified_reference,C-MAPSS,FD001,cnn_1d,53,cqr,piecewise_125,common_14,unified_v1__fd001__cnn_1d__seed53__quantile,2629,15,2367,9.423263549804688,0.92,73.08825438022613,0.9594059168739437,72.79557592071592,0.9497842291094547,72.86223030010828,100,10196,0.84,54.24172728061676,0.8012672820812844,53.94904882110654,0.7784425264809729,54.015703200498905,100.0,10196.0
uq_ref_v1__unified__fd001__cnn_1d__seed53__residual_split_cp,unified_reference,C-MAPSS,FD001,cnn_1d,53,residual_split_cp,piecewise_125,common_14,unified_v1__fd001__cnn_1d__seed53__point,2629,15,2367,40.09690856933594,0.93,80.19381713867188,0.9529100731303902,80.19381713867188,0.9418399372302864,80.19381713867188,100,10196,,,,,,,,
uq_ref_v1__unified__fd001__cnn_1d__seed71__cqr,unified_reference,C-MAPSS,FD001,cnn_1d,71,cqr,piecewise_125,common_14,unified_v1__fd001__cnn_1d__seed71__quantile,2629,15,2367,12.114494323730469,0.93,77.71945006132125,0.9605636935203224,81.64681418659754,0.9507650058846606,80.43684936450154,100,10196,0.83,53.490461413860324,0.8473034175741501,57.4178255391366,0.8189486072969792,56.207860717040596,100.0,10196.0
uq_ref_v1__unified__fd001__cnn_1d__seed71__residual_split_cp,unified_reference,C-MAPSS,FD001,cnn_1d,71,residual_split_cp,piecewise_125,common_14,unified_v1__fd001__cnn_1d__seed71__point,2629,15,2367,39.22771453857422,0.92,78.45542907714844,0.9520345708255827,78.45542907714844,0.9404668497449981,78.45542907714844,100,10196,,,,,,,,
uq_ref_v1__unified__fd001__lightgbm__seed11__cqr,unified_reference,C-MAPSS,FD001,lightgbm,11,cqr,piecewise_125,common_14,unified_v1__fd001__lightgbm__seed11__quantile,2629,15,2367,2.5483822146802844,0.81,67.0470362400178,0.9199959807819745,46.23753608458661,0.9132012553942722,48.62939361941254,100,10196,0.78,61.95027181065722,0.8993877344597833,41.14077165522605,0.8887799136916438,43.53262919005196,100.0,10196.0
uq_ref_v1__unified__fd001__lightgbm__seed11__residual_split_cp,unified_reference,C-MAPSS,FD001,lightgbm,11,residual_split_cp,piecewise_125,common_14,unified_v1__fd001__lightgbm__seed11__point,2629,15,2367,28.436321257678216,0.95,56.87264251535644,0.9365946538713384,56.87264251535644,0.9250686543742644,56.87264251535644,100,10196,,,,,,,,
uq_ref_v1__unified__fd001__lightgbm__seed23__cqr,unified_reference,C-MAPSS,FD001,lightgbm,23,cqr,piecewise_125,common_14,unified_v1__fd001__lightgbm__seed23__quantile,2629,15,2367,2.5483822146802844,0.81,67.0470362400178,0.9199959807819745,46.23753608458661,0.9132012553942722,48.62939361941254,100,10196,0.78,61.95027181065722,0.8993877344597833,41.14077165522605,0.8887799136916438,43.53262919005196,100.0,10196.0
uq_ref_v1__unified__fd001__lightgbm__seed23__residual_split_cp,unified_reference,C-MAPSS,FD001,lightgbm,23,residual_split_cp,piecewise_125,common_14,unified_v1__fd001__lightgbm__seed23__point,2629,15,2367,28.436321257678216,0.95,56.87264251535644,0.9365946538713384,56.87264251535644,0.9250686543742644,56.87264251535644,100,10196,,,,,,,,
uq_ref_v1__unified__fd001__lightgbm__seed37__cqr,unified_reference,C-MAPSS,FD001,lightgbm,37,cqr,piecewise_125,common_14,unified_v1__fd001__lightgbm__seed37__quantile,2629,15,2367,2.5483822146802844,0.81,67.0470362400178,0.9199959807819745,46.23753608458661,0.9132012553942722,48.62939361941254,100,10196,0.78,61.95027181065722,0.8993877344597833,41.14077165522605,0.8887799136916438,43.53262919005196,100.0,10196.0
uq_ref_v1__unified__fd001__lightgbm__seed37__residual_split_cp,unified_reference,C-MAPSS,FD001,lightgbm,37,residual_split_cp,piecewise_125,common_14,unified_v1__fd001__lightgbm__seed37__point,2629,15,2367,28.436321257678216,0.95,56.87264251535644,0.9365946538713384,56.87264251535644,0.9250686543742644,56.87264251535644,100,10196,,,,,,,,
uq_ref_v1__unified__fd001__lightgbm__seed53__cqr,unified_reference,C-MAPSS,FD001,lightgbm,53,cqr,piecewise_125,common_14,unified_v1__fd001__lightgbm__seed53__quantile,2629,15,2367,2.5483822146802844,0.81,67.0470362400178,0.9199959807819745,46.23753608458661,0.9132012553942722,48.62939361941254,100,10196,0.78,61.95027181065722,0.8993877344597833,41.14077165522605,0.8887799136916438,43.53262919005196,100.0,10196.0
uq_ref_v1__unified__fd001__lightgbm__seed53__residual_split_cp,unified_reference,C-MAPSS,FD001,lightgbm,53,residual_split_cp,piecewise_125,common_14,unified_v1__fd001__lightgbm__seed53__point,2629,15,2367,28.436321257678216,0.95,56.87264251535644,0.9365946538713384,56.87264251535644,0.9250686543742644,56.87264251535644,100,10196,,,,,,,,
uq_ref_v1__unified__fd001__lightgbm__seed71__cqr,unified_reference,C-MAPSS,FD001,lightgbm,71,cqr,piecewise_125,common_14,unified_v1__fd001__lightgbm__seed71__quantile,2629,15,2367,2.5483822146802844,0.81,67.0470362400178,0.9199959807819745,46.23753608458661,0.9132012553942722,48.62939361941254,100,10196,0.78,61.95027181065722,0.8993877344597833,41.14077165522605,0.8887799136916438,43.53262919005196,100.0,10196.0
uq_ref_v1__unified__fd001__lightgbm__seed71__residual_split_cp,unified_reference,C-MAPSS,FD001,lightgbm,71,residual_split_cp,piecewise_125,common_14,unified_v1__fd001__lightgbm__seed71__point,2629,15,2367,28.436321257678216,0.95,56.87264251535644,0.9365946538713384,56.87264251535644,0.9250686543742644,56.87264251535644,100,10196,,,,,,,,
uq_ref_v1__unified__fd001__lstm__seed11__cqr,unified_reference,C-MAPSS,FD001,lstm,11,cqr,piecewise_125,common_14,unified_v1__fd001__lstm__seed11__quantile,2629,15,2367,16.886993408203125,0.96,124.87048416137695,0.8211949352280093,124.87042825682818,0.8260102000784622,124.87043330846183,100,10196,0.6,91.0964973449707,0.3126091422915416,91.09644144042193,0.3590623774029031,91.09644649205558,100.0,10196.0
uq_ref_v1__unified__fd001__lstm__seed11__residual_split_cp,unified_reference,C-MAPSS,FD001,lstm,11,residual_split_cp,piecewise_125,common_14,unified_v1__fd001__lstm__seed11__point,2629,15,2367,42.90141296386719,0.91,85.80282592773438,0.9152497757295691,85.80282592773438,0.9061396626127893,85.80282592773438,100,10196,,,,,,,,
uq_ref_v1__unified__fd001__lstm__seed23__cqr,unified_reference,C-MAPSS,FD001,lstm,23,cqr,piecewise_125,common_14,unified_v1__fd001__lstm__seed23__quantile,2629,15,2367,16.984451293945312,0.95,124.96390512466431,0.8113541386165537,124.96385918877054,0.8177716751667321,124.9638636476061,100,10196,0.6,90.99500253677368,0.3126091422915416,90.99495660087992,0.3590623774029031,90.99496105971548,100.0,10196.0
uq_ref_v1__unified__fd001__lstm__seed23__residual_split_cp,unified_reference,C-MAPSS,FD001,lstm,23,residual_split_cp,piecewise_125,common_14,unified_v1__fd001__lstm__seed23__point,2629,15,2367,37.334083557128906,0.97,74.66816711425781,0.9220809361305866,74.66816711425781,0.9046684974499803,74.66816711425781,100,10196,,,,,,,,
uq_ref_v1__unified__fd001__lstm__seed37__cqr,unified_reference,C-MAPSS,FD001,lstm,37,cqr,piecewise_125,common_14,unified_v1__fd001__lstm__seed37__quantile,2629,15,2367,14.653976440429688,0.98,122.58973155975342,0.8576275823980876,122.58968034070418,0.8633777952138093,122.58968528648039,100,10196,0.61,93.28177867889404,0.32942968345773216,93.2817274598448,0.37318556296586897,93.28173240562101,100.0,10196.0
uq_ref_v1__unified__fd001__lstm__seed37__residual_split_cp,unified_reference,C-MAPSS,FD001,lstm,37,residual_split_cp,piecewise_125,common_14,unified_v1__fd001__lstm__seed37__point,2629,15,2367,62.804290771484375,0.89,125.60858154296875,0.9950370237505776,125.60858154296875,0.992448018830914,125.60858154296875,100,10196,,,,,,,,
uq_ref_v1__unified__fd001__lstm__seed53__cqr,unified_reference,C-MAPSS,FD001,lstm,53,cqr,piecewise_125,common_14,unified_v1__fd001__lstm__seed53__quantile,2629,15,2367,16.828369140625,0.96,124.74975843429566,0.8330822383882039,124.74971527369979,0.839152608866222,124.74971959842519,100,10196,0.6,91.09302015304566,0.3126091422915416,91.09297699244979,0.3590623774029031,91.09298131717519,100.0,10196.0
uq_ref_v1__unified__fd001__lstm__seed53__residual_split_cp,unified_reference,C-MAPSS,FD001,lstm,53,residual_split_cp,piecewise_125,common_14,unified_v1__fd001__lstm__seed53__point,2629,15,2367,28.83039093017578,0.92,57.66078186035156,0.9182169799397569,57.66078186035156,0.903785798352295,57.66078186035156,100,10196,,,,,,,,
uq_ref_v1__unified__fd001__lstm__seed71__cqr,unified_reference,C-MAPSS,FD001,lstm,71,cqr,piecewise_125,common_14,unified_v1__fd001__lstm__seed71__quantile,2629,15,2367,16.972198486328125,0.96,124.89173524856568,0.8144821738465587,124.89168498526443,0.8198313063946646,124.89168964081439,100,10196,0.6,90.94733827590943,0.3126091422915416,90.94728801260818,0.3590623774029031,90.94729266815814,100.0,10196.0
uq_ref_v1__unified__fd001__lstm__seed71__residual_split_cp,unified_reference,C-MAPSS,FD001,lstm,71,residual_split_cp,piecewise_125,common_14,unified_v1__fd001__lstm__seed71__point,2629,15,2367,62.75703430175781,0.89,125.51406860351562,0.9950370237505776,125.51406860351562,0.992448018830914,125.51406860351562,100,10196,,,,,,,,
uq_ref_v1__unified__fd001__transformer__seed11__cqr,unified_reference,C-MAPSS,FD001,transformer,11,cqr,piecewise_125,common_14,unified_v1__fd001__transformer__seed11__quantile,2629,15,2367,3.65155029296875,0.89,35.94411573171615,0.9216152751045951,36.22138869389194,0.9180070615927814,37.102438373629276,100,10196,0.8,28.641015145778656,0.8740018800518834,28.91828810795444,0.8644566496665359,29.799337787691776,100.0,10196.0
uq_ref_v1__unified__fd001__transformer__seed11__residual_split_cp,unified_reference,C-MAPSS,FD001,transformer,11,residual_split_cp,piecewise_125,common_14,unified_v1__fd001__transformer__seed11__point,2629,15,2367,22.893264770507812,0.91,45.786529541015625,0.9061443685199522,45.786529541015625,0.8985876814437034,45.786529541015625,100,10196,,,,,,,,
uq_ref_v1__unified__fd001__transformer__seed23__cqr,unified_reference,C-MAPSS,FD001,transformer,23,cqr,piecewise_125,common_14,unified_v1__fd001__transformer__seed23__quantile,2629,15,2367,2.87469482421875,0.89,35.62467522144318,0.9130805863007372,38.062478344210575,0.9017261671243625,38.52418306723629,100,10196,0.73,29.875285573005677,0.7096855300376481,32.31308869577308,0.6832091016084739,32.77479341879879,100.0,10196.0
uq_ref_v1__unified__fd001__transformer__seed23__residual_split_cp,unified_reference,C-MAPSS,FD001,transformer,23,residual_split_cp,piecewise_125,common_14,unified_v1__fd001__transformer__seed23__point,2629,15,2367,22.31696319580078,0.88,44.63392639160156,0.9057561784733567,44.63392639160156,0.899176147508827,44.63392639160156,100,10196,,,,,,,,
uq_ref_v1__unified__fd001__transformer__seed37__cqr,unified_reference,C-MAPSS,FD001,transformer,37,cqr,piecewise_125,common_14,unified_v1__fd001__transformer__seed37__quantile,2629,15,2367,3.8254241943359375,0.91,35.649940094947816,0.9173649985336669,38.287270727771784,0.9096704590035308,38.54153457582114,100,10196,0.73,27.99909170627594,0.8659742267796431,30.63642233909991,0.8520007846214201,30.890686187149264,100.0,10196.0
uq_ref_v1__unified__fd001__transformer__seed37__residual_split_cp,unified_reference,C-MAPSS,FD001,transformer,37,residual_split_cp,piecewise_125,common_14,unified_v1__fd001__transformer__seed37__point,2629,15,2367,23.637832641601562,0.87,47.275665283203125,0.9066498698793781,47.275665283203125,0.9024127108670067,47.275665283203125,100,10196,,,,,,,,
uq_ref_v1__unified__fd001__transformer__seed53__cqr,unified_reference,C-MAPSS,FD001,transformer,53,cqr,piecewise_125,common_14,unified_v1__fd001__transformer__seed53__quantile,2629,15,2367,3.0874404907226562,0.92,36.303238644599915,0.9144365189566641,38.51860404914414,0.9038838760298156,38.923677500391435,100,10196,0.85,30.128357663154603,0.8701017253077378,32.343723067698825,0.8536681051392703,32.74879651894612,100.0,10196.0
uq_ref_v1__unified__fd001__transformer__seed53__residual_split_cp,unified_reference,C-MAPSS,FD001,transformer,53,residual_split_cp,piecewise_125,common_14,unified_v1__fd001__transformer__seed53__point,2629,15,2367,23.087867736816406,0.91,46.17573547363281,0.9114985922830683,46.17573547363281,0.9044723420949392,46.17573547363281,100,10196,,,,,,,,
uq_ref_v1__unified__fd001__transformer__seed71__cqr,unified_reference,C-MAPSS,FD001,transformer,71,cqr,piecewise_125,common_14,unified_v1__fd001__transformer__seed71__quantile,2629,15,2367,5.386810302734375,0.88,42.772640954256055,0.9111530888962182,48.876869546595124,0.8936837975676736,48.28444561296793,100,10196,0.8,31.999020348787308,0.8272208913215625,38.10324894112636,0.8017850137308749,37.51082500749918,100.0,10196.0
uq_ref_v1__unified__fd001__transformer__seed71__residual_split_cp,unified_reference,C-MAPSS,FD001,transformer,71,residual_split_cp,piecewise_125,common_14,unified_v1__fd001__transformer__seed71__point,2629,15,2367,22.823333740234375,0.92,45.64666748046875,0.9051702902092192,45.64666748046875,0.8959395841506473,45.64666748046875,100,10196,,,,,,,,
uq_ref_v1__unified__fd002__cnn_1d__seed11__cqr,unified_reference,C-MAPSS,FD002,cnn_1d,11,cqr,piecewise_125,common_14,unified_v1__fd002__cnn_1d__seed11__quantile,6939,39,6246,8.9410400390625,0.9305019305019305,80.10458806352726,0.9285215524854076,80.54250748729494,0.924220135038286,81.38579134758359,259,26511,0.8494208494208494,62.22250798540226,0.7892169015609766,62.66042740916994,0.7772999886839426,63.50371126945859,259.0,26511.0
uq_ref_v1__unified__fd002__cnn_1d__seed11__residual_split_cp,unified_reference,C-MAPSS,FD002,cnn_1d,11,residual_split_cp,piecewise_125,common_14,unified_v1__fd002__cnn_1d__seed11__point,6939,39,6246,46.478858947753906,0.9343629343629344,92.95771789550781,0.938390866099231,92.95771789550781,0.9349703896495795,92.95771789550781,259,26511,,,,,,,,
uq_ref_v1__unified__fd002__cnn_1d__seed23__cqr,unified_reference,C-MAPSS,FD002,cnn_1d,23,cqr,piecewise_125,common_14,unified_v1__fd002__cnn_1d__seed23__quantile,6939,39,6246,5.7041473388671875,0.915057915057915,85.99403237560081,0.9022300201430112,76.72164166035951,0.904152993097205,78.51195095436265,259,26511,0.8146718146718147,74.58573769786643,0.7975437751051841,65.31334698262512,0.7949907585530535,67.10365627662827,259.0,26511.0
uq_ref_v1__unified__fd002__cnn_1d__seed23__residual_split_cp,unified_reference,C-MAPSS,FD002,cnn_1d,23,residual_split_cp,piecewise_125,common_14,unified_v1__fd002__cnn_1d__seed23__point,6939,39,6246,44.39881134033203,0.9305019305019305,88.79762268066406,0.9425705505678054,88.79762268066406,0.9366677982724152,88.79762268066406,259,26511,,,,,,,,
uq_ref_v1__unified__fd002__cnn_1d__seed37__cqr,unified_reference,C-MAPSS,FD002,cnn_1d,37,cqr,piecewise_125,common_14,unified_v1__fd002__cnn_1d__seed37__quantile,6939,39,6246,6.976348876953125,0.918918918918919,86.34736346830272,0.9138201650102884,76.31778957737559,0.9155067707743956,78.25841637543725,259,26511,0.7915057915057915,72.39466571439647,0.7834533021075695,62.36509182346933,0.7797518011391498,64.305718621531,259.0,26511.0
uq_ref_v1__unified__fd002__cnn_1d__seed37__residual_split_cp,unified_reference,C-MAPSS,FD002,cnn_1d,37,residual_split_cp,piecewise_125,common_14,unified_v1__fd002__cnn_1d__seed37__point,6939,39,6246,46.080902099609375,0.9382239382239382,92.16180419921875,0.9459160177367834,92.16180419921875,0.9398362943683753,92.16180419921875,259,26511,,,,,,,,
uq_ref_v1__unified__fd002__cnn_1d__seed53__cqr,unified_reference,C-MAPSS,FD002,cnn_1d,53,cqr,piecewise_125,common_14,unified_v1__fd002__cnn_1d__seed53__quantile,6939,39,6246,7.434047698974609,0.9266409266409267,75.8937003916295,0.9344194155108656,74.37737784412326,0.930670287805062,75.92920656462508,259,26511,0.8223938223938224,61.02560499368027,0.8089935852575182,59.50928244617404,0.7991399796310965,61.061111166675865,259.0,26511.0
uq_ref_v1__unified__fd002__cnn_1d__seed53__residual_split_cp,unified_reference,C-MAPSS,FD002,cnn_1d,53,residual_split_cp,piecewise_125,common_14,unified_v1__fd002__cnn_1d__seed53__point,6939,39,6246,44.8721923828125,0.9305019305019305,89.744384765625,0.9387906315251047,89.744384765625,0.9340273848591151,89.744384765625,259,26511,,,,,,,,
uq_ref_v1__unified__fd002__cnn_1d__seed71__cqr,unified_reference,C-MAPSS,FD002,cnn_1d,71,cqr,piecewise_125,common_14,unified_v1__fd002__cnn_1d__seed71__quantile,6939,39,6246,8.537185668945312,0.9305019305019305,87.6394604624008,0.9062411266115434,79.03675828750481,0.9100750631813209,80.8344916816722,259,26511,0.7799227799227799,70.56508912451018,0.7410845485256287,61.96238694961419,0.7386367922749048,63.76012034378157,259.0,26511.0
uq_ref_v1__unified__fd002__cnn_1d__seed71__residual_split_cp,unified_reference,C-MAPSS,FD002,cnn_1d,71,residual_split_cp,piecewise_125,common_14,unified_v1__fd002__cnn_1d__seed71__point,6939,39,6246,45.75382995605469,0.9343629343629344,91.50765991210938,0.9357871369994769,91.50765991210938,0.932971219493795,91.50765991210938,259,26511,,,,,,,,
uq_ref_v1__unified__fd002__lightgbm__seed11__cqr,unified_reference,C-MAPSS,FD002,lightgbm,11,cqr,piecewise_125,common_14,unified_v1__fd002__lightgbm__seed11__quantile,6939,39,6246,1.3513350125344534,0.8996138996138996,76.02149983629745,0.9454843775858717,54.49490621545351,0.9402889366677982,57.98371000637907,259,26511,0.8764478764478765,73.31882981122854,0.9367557222307249,51.792236190384614,0.9311606502961035,55.28103998131017,259.0,26511.0
uq_ref_v1__unified__fd002__lightgbm__seed11__residual_split_cp,unified_reference,C-MAPSS,FD002,lightgbm,11,residual_split_cp,piecewise_125,common_14,unified_v1__fd002__lightgbm__seed11__point,6939,39,6246,34.255874527871825,0.9691119691119691,68.51174905574365,0.9336445049120591,68.51174905574365,0.9251254196371318,68.51174905574364,259,26511,,,,,,,,
uq_ref_v1__unified__fd002__lightgbm__seed23__cqr,unified_reference,C-MAPSS,FD002,lightgbm,23,cqr,piecewise_125,common_14,unified_v1__fd002__lightgbm__seed23__quantile,6939,39,6246,1.3513350125344534,0.8996138996138996,76.02149983629745,0.9454843775858717,54.49490621545351,0.9402889366677982,57.98371000637907,259,26511,0.8764478764478765,73.31882981122854,0.9367557222307249,51.792236190384614,0.9311606502961035,55.28103998131017,259.0,26511.0
uq_ref_v1__unified__fd002__lightgbm__seed23__residual_split_cp,unified_reference,C-MAPSS,FD002,lightgbm,23,residual_split_cp,piecewise_125,common_14,unified_v1__fd002__lightgbm__seed23__point,6939,39,6246,34.255874527871825,0.9691119691119691,68.51174905574365,0.9336445049120591,68.51174905574365,0.9251254196371318,68.51174905574364,259,26511,,,,,,,,
uq_ref_v1__unified__fd002__lightgbm__seed37__cqr,unified_reference,C-MAPSS,FD002,lightgbm,37,cqr,piecewise_125,common_14,unified_v1__fd002__lightgbm__seed37__quantile,6939,39,6246,1.3513350125344534,0.8996138996138996,76.02149983629745,0.9454843775858717,54.49490621545351,0.9402889366677982,57.98371000637907,259,26511,0.8764478764478765,73.31882981122854,0.9367557222307249,51.792236190384614,0.9311606502961035,55.28103998131017,259.0,26511.0
uq_ref_v1__unified__fd002__lightgbm__seed37__residual_split_cp,unified_reference,C-MAPSS,FD002,lightgbm,37,residual_split_cp,piecewise_125,common_14,unified_v1__fd002__lightgbm__seed37__point,6939,39,6246,34.255874527871825,0.9691119691119691,68.51174905574365,0.9336445049120591,68.51174905574365,0.9251254196371318,68.51174905574364,259,26511,,,,,,,,
uq_ref_v1__unified__fd002__lightgbm__seed53__cqr,unified_reference,C-MAPSS,FD002,lightgbm,53,cqr,piecewise_125,common_14,unified_v1__fd002__lightgbm__seed53__quantile,6939,39,6246,1.3513350125344534,0.8996138996138996,76.02149983629745,0.9454843775858717,54.49490621545351,0.9402889366677982,57.98371000637907,259,26511,0.8764478764478765,73.31882981122854,0.9367557222307249,51.792236190384614,0.9311606502961035,55.28103998131017,259.0,26511.0
uq_ref_v1__unified__fd002__lightgbm__seed53__residual_split_cp,unified_reference,C-MAPSS,FD002,lightgbm,53,residual_split_cp,piecewise_125,common_14,unified_v1__fd002__lightgbm__seed53__point,6939,39,6246,34.255874527871825,0.9691119691119691,68.51174905574365,0.9336445049120591,68.51174905574365,0.9251254196371318,68.51174905574364,259,26511,,,,,,,,
uq_ref_v1__unified__fd002__lightgbm__seed71__cqr,unified_reference,C-MAPSS,FD002,lightgbm,71,cqr,piecewise_125,common_14,unified_v1__fd002__lightgbm__seed71__quantile,6939,39,6246,1.3513350125344534,0.8996138996138996,76.02149983629745,0.9454843775858717,54.49490621545351,0.9402889366677982,57.98371000637907,259,26511,0.8764478764478765,73.31882981122854,0.9367557222307249,51.792236190384614,0.9311606502961035,55.28103998131017,259.0,26511.0
uq_ref_v1__unified__fd002__lightgbm__seed71__residual_split_cp,unified_reference,C-MAPSS,FD002,lightgbm,71,residual_split_cp,piecewise_125,common_14,unified_v1__fd002__lightgbm__seed71__point,6939,39,6246,34.255874527871825,0.9691119691119691,68.51174905574365,0.9336445049120591,68.51174905574365,0.9251254196371318,68.51174905574364,259,26511,,,,,,,,
uq_ref_v1__unified__fd002__lstm__seed11__cqr,unified_reference,C-MAPSS,FD002,lstm,11,cqr,piecewise_125,common_14,unified_v1__fd002__lstm__seed11__quantile,6939,39,6246,19.396942138671875,0.9305019305019305,127.13234656197685,0.8275895749406533,127.13234970661073,0.8422164384595073,127.13235450847655,259,26511,0.47876447876447875,88.3384622846331,0.30013251929206164,88.33846542926699,0.3518162272264343,88.3384702311328,259.0,26511.0
uq_ref_v1__unified__fd002__lstm__seed11__residual_split_cp,unified_reference,C-MAPSS,FD002,lstm,11,residual_split_cp,piecewise_125,common_14,unified_v1__fd002__lstm__seed11__point,6939,39,6246,63.71788787841797,0.806949806949807,127.43577575683594,0.9906229885279408,127.43577575683594,0.9870619742748293,127.43577575683594,259,26511,,,,,,,,
uq_ref_v1__unified__fd002__lstm__seed23__cqr,unified_reference,C-MAPSS,FD002,lstm,23,cqr,piecewise_125,common_14,unified_v1__fd002__lstm__seed23__quantile,6939,39,6246,19.702880859375,0.918918918918919,127.65142714010703,0.802937785302359,127.65143133510028,0.8252800724227679,127.65143600443147,259,26511,0.47876447876447875,88.24566542135703,0.30013251929206164,88.24566961635031,0.3518162272264343,88.24567428568147,259.0,26511.0
uq_ref_v1__unified__fd002__lstm__seed23__residual_split_cp,unified_reference,C-MAPSS,FD002,lstm,23,residual_split_cp,piecewise_125,common_14,unified_v1__fd002__lstm__seed23__point,6939,39,6246,63.859703063964844,0.806949806949807,127.71940612792969,0.9906229885279408,127.71940612792969,0.9870619742748293,127.71940612792969,259,26511,,,,,,,,
uq_ref_v1__unified__fd002__lstm__seed37__cqr,unified_reference,C-MAPSS,FD002,lstm,37,cqr,piecewise_125,common_14,unified_v1__fd002__lstm__seed37__quantile,6939,39,6246,14.231040954589844,0.9420849420849421,121.98183768872589,0.8544848141249042,121.98184049694497,0.8681679302930859,121.98184511956596,259,26511,0.5173745173745173,93.5197557795462,0.33550791309151634,93.51975858776528,0.3849345554675418,93.51976321038627,259.0,26511.0
uq_ref_v1__unified__fd002__lstm__seed37__residual_split_cp,unified_reference,C-MAPSS,FD002,lstm,37,residual_split_cp,piecewise_125,common_14,unified_v1__fd002__lstm__seed37__point,6939,39,6246,63.62042999267578,0.806949806949807,127.24085998535156,0.9906229885279408,127.24085998535156,0.9870619742748293,127.24085998535156,259,26511,,,,,,,,
uq_ref_v1__unified__fd002__lstm__seed53__cqr,unified_reference,C-MAPSS,FD002,lstm,53,cqr,piecewise_125,common_14,unified_v1__fd002__lstm__seed53__quantile,6939,39,6246,19.7972412109375,0.918918918918919,127.77596989193478,0.804246322470885,127.77597488085524,0.8269020406623666,127.77597956347864,259,26511,0.47876447876447875,88.18148747005978,0.30013251929206164,88.18149245898023,0.3518162272264343,88.18149714160364,259.0,26511.0
uq_ref_v1__unified__fd002__lstm__seed53__residual_split_cp,unified_reference,C-MAPSS,FD002,lstm,53,residual_split_cp,piecewise_125,common_14,unified_v1__fd002__lstm__seed53__point,6939,39,6246,63.68681335449219,0.806949806949807,127.37362670898438,0.9906229885279408,127.37362670898438,0.9870619742748293,127.37362670898438,259,26511,,,,,,,,
uq_ref_v1__unified__fd002__lstm__seed71__cqr,unified_reference,C-MAPSS,FD002,lstm,71,cqr,piecewise_125,common_14,unified_v1__fd002__lstm__seed71__quantile,6939,39,6246,19.766220092773438,0.9227799227799228,128.00067033362666,0.8171301194205061,128.0006731041913,0.8349364414771226,128.0006773531637,259,26511,0.49034749034749037,88.46823014807977,0.3014741491242379,88.46823291864442,0.35370223680736296,88.46823716761682,259.0,26511.0
uq_ref_v1__unified__fd002__lstm__seed71__residual_split_cp,unified_reference,C-MAPSS,FD002,lstm,71,residual_split_cp,piecewise_125,common_14,unified_v1__fd002__lstm__seed71__point,6939,39,6246,63.82733154296875,0.806949806949807,127.6546630859375,0.9906229885279408,127.6546630859375,0.9870619742748293,127.6546630859375,259,26511,,,,,,,,
uq_ref_v1__unified__fd002__transformer__seed11__cqr,unified_reference,C-MAPSS,FD002,transformer,11,cqr,piecewise_125,common_14,unified_v1__fd002__transformer__seed11__quantile,6939,39,6246,13.570526123046875,0.9305019305019305,120.74748674046579,0.8602854920305295,120.74268659853412,0.871789068688469,120.74350219517345,259,26511,0.525096525096525,93.60643449437204,0.34672480528238925,93.60163435244037,0.39161102938402925,93.6024499490797,259.0,26511.0
uq_ref_v1__unified__fd002__transformer__seed11__residual_split_cp,unified_reference,C-MAPSS,FD002,transformer,11,residual_split_cp,piecewise_125,common_14,unified_v1__fd002__transformer__seed11__point,6939,39,6246,40.83558654785156,0.9498069498069498,81.67117309570312,0.9461999189111128,81.67117309570312,0.9407415789672211,81.67117309570312,259,26511,,,,,,,,
uq_ref_v1__unified__fd002__transformer__seed23__cqr,unified_reference,C-MAPSS,FD002,transformer,23,cqr,piecewise_125,common_14,unified_v1__fd002__transformer__seed23__quantile,6939,39,6246,13.016586303710938,0.9382239382239382,120.55757532893,0.8639911760237032,120.54706893767322,0.8711855456225718,120.54905872791753,259,26511,0.525096525096525,94.52440272150812,0.34717635864916135,94.51389633025134,0.3921013918750707,94.51588612049565,259.0,26511.0
uq_ref_v1__unified__fd002__transformer__seed23__residual_split_cp,unified_reference,C-MAPSS,FD002,transformer,23,residual_split_cp,piecewise_125,common_14,unified_v1__fd002__transformer__seed23__point,6939,39,6246,35.949501037597656,0.9420849420849421,71.89900207519531,0.9403789407407275,71.89900207519531,0.9338387839010223,71.89900207519531,259,26511,,,,,,,,
uq_ref_v1__unified__fd002__transformer__seed37__cqr,unified_reference,C-MAPSS,FD002,transformer,37,cqr,piecewise_125,common_14,unified_v1__fd002__transformer__seed37__quantile,6939,39,6246,6.7277679443359375,0.9343629343629344,57.526943665213565,0.9542212157872344,63.46370007914495,0.942174946248727,63.954591908533494,259,26511,0.8108108108108109,44.07140777654169,0.8987287964965808,50.008164190473074,0.8767681339821206,50.49905601986162,259.0,26511.0
uq_ref_v1__unified__fd002__transformer__seed37__residual_split_cp,unified_reference,C-MAPSS,FD002,transformer,37,residual_split_cp,piecewise_125,common_14,unified_v1__fd002__transformer__seed37__point,6939,39,6246,63.056236267089844,0.8108108108108109,126.11247253417969,0.9909353807472462,126.11247253417969,0.9876277771491079,126.11247253417969,259,26511,,,,,,,,
uq_ref_v1__unified__fd002__transformer__seed53__cqr,unified_reference,C-MAPSS,FD002,transformer,53,cqr,piecewise_125,common_14,unified_v1__fd002__transformer__seed53__quantile,6939,39,6246,13.0538330078125,0.9227799227799228,120.41233612855889,0.8660420389825605,120.39751707608721,0.8831428463656595,120.3993185997405,259,26511,0.525096525096525,94.30467011293389,0.34672480528238925,94.28985106046221,0.39161102938402925,94.2916525841155,259.0,26511.0
uq_ref_v1__unified__fd002__transformer__seed53__residual_split_cp,unified_reference,C-MAPSS,FD002,transformer,53,residual_split_cp,piecewise_125,common_14,unified_v1__fd002__transformer__seed53__point,6939,39,6246,62.64396667480469,0.8108108108108109,125.28793334960938,0.9910131372078053,125.28793334960938,0.9876277771491079,125.28793334960938,259,26511,,,,,,,,
uq_ref_v1__unified__fd002__transformer__seed71__cqr,unified_reference,C-MAPSS,FD002,transformer,71,cqr,piecewise_125,common_14,unified_v1__fd002__transformer__seed71__quantile,6939,39,6246,9.521949768066406,0.9459459459459459,67.78479606902738,0.9416565810302897,71.92799340513172,0.9364037569310852,72.46490525030225,259,26511,0.8532818532818532,48.74089653289456,0.8464479946244183,52.88409386899888,0.8357662856927314,53.421005714169446,259.0,26511.0
uq_ref_v1__unified__fd002__transformer__seed71__residual_split_cp,unified_reference,C-MAPSS,FD002,transformer,71,residual_split_cp,piecewise_125,common_14,unified_v1__fd002__transformer__seed71__point,6939,39,6246,36.485923767089844,0.9382239382239382,72.97184753417969,0.9330552975301437,72.97184753417969,0.9272000301761533,72.97184753417969,259,26511,,,,,,,,
uq_ref_v1__unified__fd003__cnn_1d__seed11__cqr,unified_reference,C-MAPSS,FD003,cnn_1d,11,cqr,piecewise_125,common_14,unified_v1__fd003__cnn_1d__seed11__quantile,3191,15,2873,14.668975830078125,0.95,73.81694064617157,0.9596544226956999,70.43708111245357,0.960572429906542,68.11404835055016,100,13696,0.75,44.47898898601532,0.7742057866253252,41.09912945229732,0.749634929906542,38.77609669039391,100.0,13696.0
uq_ref_v1__unified__fd003__cnn_1d__seed11__residual_split_cp,unified_reference,C-MAPSS,FD003,cnn_1d,11,residual_split_cp,piecewise_125,common_14,unified_v1__fd003__cnn_1d__seed11__point,3191,15,2873,41.505470275878906,0.92,83.01094055175781,0.9575122497444426,83.01094055175781,0.9586740654205608,83.01094055175781,100,13696,,,,,,,,
uq_ref_v1__unified__fd003__cnn_1d__seed23__cqr,unified_reference,C-MAPSS,FD003,cnn_1d,23,cqr,piecewise_125,common_14,unified_v1__fd003__cnn_1d__seed23__quantile,3191,15,2873,11.789031982421875,0.91,75.69197260379791,0.9323328552904296,65.88861725375939,0.9423919392523364,63.96469306444453,100,13696,0.76,52.113908638954165,0.7356004318777013,42.310553288915656,0.7383907710280374,40.38662909960078,100.0,13696.0
uq_ref_v1__unified__fd003__cnn_1d__seed23__residual_split_cp,unified_reference,C-MAPSS,FD003,cnn_1d,23,residual_split_cp,piecewise_125,common_14,unified_v1__fd003__cnn_1d__seed23__point,3191,15,2873,42.50513458251953,0.92,85.01026916503906,0.9603978974068731,85.01026916503906,0.9623977803738317,85.01026916503906,100,13696,,,,,,,,
uq_ref_v1__unified__fd003__cnn_1d__seed37__cqr,unified_reference,C-MAPSS,FD003,cnn_1d,37,cqr,piecewise_125,common_14,unified_v1__fd003__cnn_1d__seed37__quantile,3191,15,2873,11.250312805175781,0.89,77.49468943595886,0.9301912560596088,65.12072189538985,0.9345794392523364,63.69312828716552,100,13696,0.77,54.9940638256073,0.7030867206891145,42.62009628503828,0.7083820093457944,41.19250267681396,100.0,13696.0
uq_ref_v1__unified__fd003__cnn_1d__seed37__residual_split_cp,unified_reference,C-MAPSS,FD003,cnn_1d,37,residual_split_cp,piecewise_125,common_14,unified_v1__fd003__cnn_1d__seed37__point,3191,15,2873,43.35248565673828,0.94,86.70497131347656,0.9347808179880431,86.70497131347656,0.9468457943925234,86.70497131347656,100,13696,,,,,,,,
uq_ref_v1__unified__fd003__cnn_1d__seed53__cqr,unified_reference,C-MAPSS,FD003,cnn_1d,53,cqr,piecewise_125,common_14,unified_v1__fd003__cnn_1d__seed53__quantile,3191,15,2873,12.932037353515625,0.9,78.76045728683472,0.9244686010725244,68.92415329174811,0.9342143691588785,68.13380448638557,100,13696,0.78,52.896382579803465,0.7385894114036862,43.06007858471687,0.7469334112149533,42.26972977935432,100.0,13696.0
uq_ref_v1__unified__fd003__cnn_1d__seed53__residual_split_cp,unified_reference,C-MAPSS,FD003,cnn_1d,53,residual_split_cp,piecewise_125,common_14,unified_v1__fd003__cnn_1d__seed53__point,3191,15,2873,43.594703674316406,0.94,87.18940734863281,0.9352423521219374,87.18940734863281,0.9471378504672897,87.18940734863281,100,13696,,,,,,,,
uq_ref_v1__unified__fd003__cnn_1d__seed71__cqr,unified_reference,C-MAPSS,FD003,cnn_1d,71,cqr,piecewise_125,common_14,unified_v1__fd003__cnn_1d__seed71__quantile,3191,15,2873,13.644691467285156,0.91,77.8912663936615,0.9461110128472754,68.55644187865481,0.9496933411214953,66.93883158889312,100,13696,0.75,50.601883459091184,0.7250076848750016,41.26705894408451,0.719115070093458,39.6494486543228,100.0,13696.0
uq_ref_v1__unified__fd003__cnn_1d__seed71__residual_split_cp,unified_reference,C-MAPSS,FD003,cnn_1d,71,residual_split_cp,piecewise_125,common_14,unified_v1__fd003__cnn_1d__seed71__point,3191,15,2873,41.417877197265625,0.91,82.83575439453125,0.9505447249101796,82.83575439453125,0.9539281542056075,82.83575439453125,100,13696,,,,,,,,
uq_ref_v1__unified__fd003__lightgbm__seed11__cqr,unified_reference,C-MAPSS,FD003,lightgbm,11,cqr,piecewise_125,common_14,unified_v1__fd003__lightgbm__seed11__quantile,3191,15,2873,8.521843555510785,0.91,67.58763489875001,0.9327889388265789,46.14710492311387,0.9448014018691588,45.91076852677035,100,13696,0.69,50.54394778772846,0.8678852459645259,29.103417812092317,0.8846378504672897,28.867081415748782,100.0,13696.0
uq_ref_v1__unified__fd003__lightgbm__seed11__residual_split_cp,unified_reference,C-MAPSS,FD003,lightgbm,11,residual_split_cp,piecewise_125,common_14,unified_v1__fd003__lightgbm__seed11__point,3191,15,2873,30.290153810114816,0.95,60.580307620229654,0.9498549731232353,60.580307620229654,0.9596232476635514,60.580307620229625,100,13696,,,,,,,,
uq_ref_v1__unified__fd003__lightgbm__seed23__cqr,unified_reference,C-MAPSS,FD003,lightgbm,23,cqr,piecewise_125,common_14,unified_v1__fd003__lightgbm__seed23__quantile,3191,15,2873,8.521843555510785,0.91,67.58763489875001,0.9327889388265789,46.14710492311387,0.9448014018691588,45.91076852677035,100,13696,0.69,50.54394778772846,0.8678852459645259,29.103417812092317,0.8846378504672897,28.867081415748782,100.0,13696.0
uq_ref_v1__unified__fd003__lightgbm__seed23__residual_split_cp,unified_reference,C-MAPSS,FD003,lightgbm,23,residual_split_cp,piecewise_125,common_14,unified_v1__fd003__lightgbm__seed23__point,3191,15,2873,30.290153810114816,0.95,60.580307620229654,0.9498549731232353,60.580307620229654,0.9596232476635514,60.580307620229625,100,13696,,,,,,,,
uq_ref_v1__unified__fd003__lightgbm__seed37__cqr,unified_reference,C-MAPSS,FD003,lightgbm,37,cqr,piecewise_125,common_14,unified_v1__fd003__lightgbm__seed37__quantile,3191,15,2873,8.521843555510785,0.91,67.58763489875001,0.9327889388265789,46.14710492311387,0.9448014018691588,45.91076852677035,100,13696,0.69,50.54394778772846,0.8678852459645259,29.103417812092317,0.8846378504672897,28.867081415748782,100.0,13696.0
uq_ref_v1__unified__fd003__lightgbm__seed37__residual_split_cp,unified_reference,C-MAPSS,FD003,lightgbm,37,residual_split_cp,piecewise_125,common_14,unified_v1__fd003__lightgbm__seed37__point,3191,15,2873,30.290153810114816,0.95,60.580307620229654,0.9498549731232353,60.580307620229654,0.9596232476635514,60.580307620229625,100,13696,,,,,,,,
uq_ref_v1__unified__fd003__lightgbm__seed53__cqr,unified_reference,C-MAPSS,FD003,lightgbm,53,cqr,piecewise_125,common_14,unified_v1__fd003__lightgbm__seed53__quantile,3191,15,2873,8.521843555510785,0.91,67.58763489875001,0.9327889388265789,46.14710492311387,0.9448014018691588,45.91076852677035,100,13696,0.69,50.54394778772846,0.8678852459645259,29.103417812092317,0.8846378504672897,28.867081415748782,100.0,13696.0
uq_ref_v1__unified__fd003__lightgbm__seed53__residual_split_cp,unified_reference,C-MAPSS,FD003,lightgbm,53,residual_split_cp,piecewise_125,common_14,unified_v1__fd003__lightgbm__seed53__point,3191,15,2873,30.290153810114816,0.95,60.580307620229654,0.9498549731232353,60.580307620229654,0.9596232476635514,60.580307620229625,100,13696,,,,,,,,
uq_ref_v1__unified__fd003__lightgbm__seed71__cqr,unified_reference,C-MAPSS,FD003,lightgbm,71,cqr,piecewise_125,common_14,unified_v1__fd003__lightgbm__seed71__quantile,3191,15,2873,8.521843555510785,0.91,67.58763489875001,0.9327889388265789,46.14710492311387,0.9448014018691588,45.91076852677035,100,13696,0.69,50.54394778772846,0.8678852459645259,29.103417812092317,0.8846378504672897,28.867081415748782,100.0,13696.0
uq_ref_v1__unified__fd003__lightgbm__seed71__residual_split_cp,unified_reference,C-MAPSS,FD003,lightgbm,71,residual_split_cp,piecewise_125,common_14,unified_v1__fd003__lightgbm__seed71__point,3191,15,2873,30.290153810114816,0.95,60.580307620229654,0.9498549731232353,60.580307620229654,0.9596232476635514,60.580307620229625,100,13696,,,,,,,,
uq_ref_v1__unified__fd003__lstm__seed11__cqr,unified_reference,C-MAPSS,FD003,lstm,11,cqr,piecewise_125,common_14,unified_v1__fd003__lstm__seed11__quantile,3191,15,2873,19.746231079101562,0.94,123.52143613815308,0.7648906248185164,123.52131254974235,0.713419976635514,123.52131276264369,100,13696,0.57,84.02897397994995,0.2585140925159491,84.02885039153924,0.25708235981308414,84.02885060444056,100.0,13696.0
uq_ref_v1__unified__fd003__lstm__seed11__residual_split_cp,unified_reference,C-MAPSS,FD003,lstm,11,residual_split_cp,piecewise_125,common_14,unified_v1__fd003__lstm__seed11__point,3191,15,2873,67.71949768066406,0.86,135.43899536132812,0.9928582177330205,135.43899536132812,0.9903621495327103,135.43899536132812,100,13696,,,,,,,,
uq_ref_v1__unified__fd003__lstm__seed23__cqr,unified_reference,C-MAPSS,FD003,lstm,23,cqr,piecewise_125,common_14,unified_v1__fd003__lstm__seed23__quantile,3191,15,2873,19.8065185546875,0.93,123.5586568069458,0.7594127671065983,123.55853016622918,0.7092581775700935,123.55853175323143,100,13696,0.57,83.9456196975708,0.2585140925159491,83.94549305685418,0.25708235981308414,83.94549464385643,100.0,13696.0
uq_ref_v1__unified__fd003__lstm__seed23__residual_split_cp,unified_reference,C-MAPSS,FD003,lstm,23,residual_split_cp,piecewise_125,common_14,unified_v1__fd003__lstm__seed23__point,3191,15,2873,67.64170837402344,0.86,135.28341674804688,0.9929375828123855,135.28341674804688,0.9904351635514018,135.28341674804688,100,13696,,,,,,,,
uq_ref_v1__unified__fd003__lstm__seed37__cqr,unified_reference,C-MAPSS,FD003,lstm,37,cqr,piecewise_125,common_14,unified_v1__fd003__lstm__seed37__quantile,3191,15,2873,16.60295867919922,0.95,120.55794523239136,0.7875588814260785,120.5578251749814,0.734009929906542,120.55782580236408,100,13696,0.58,87.35202787399292,0.2769245781018204,87.35190781658297,0.2725613317757009,87.35190844396564,100.0,13696.0
uq_ref_v1__unified__fd003__lstm__seed37__residual_split_cp,unified_reference,C-MAPSS,FD003,lstm,37,residual_split_cp,piecewise_125,common_14,unified_v1__fd003__lstm__seed37__point,3191,15,2873,67.65843963623047,0.86,135.31687927246094,0.9930038079779484,135.31687927246094,0.9905081775700935,135.31687927246094,100,13696,,,,,,,,
uq_ref_v1__unified__fd003__lstm__seed53__cqr,unified_reference,C-MAPSS,FD003,lstm,53,cqr,piecewise_125,common_14,unified_v1__fd003__lstm__seed53__quantile,3191,15,2873,20.055648803710938,0.92,123.7223842048645,0.7589138907782369,123.7222674857816,0.7076518691588785,123.72226876229327,100,13696,0.57,83.61108659744262,0.252135237681042,83.6109698783597,0.2518983644859813,83.6109711548714,100.0,13696.0
uq_ref_v1__unified__fd003__lstm__seed53__residual_split_cp,unified_reference,C-MAPSS,FD003,lstm,53,residual_split_cp,piecewise_125,common_14,unified_v1__fd003__lstm__seed53__point,3191,15,2873,33.837364196777344,0.92,67.67472839355469,0.9577295671718775,67.67472839355469,0.9598422897196262,67.67472839355469,100,13696,,,,,,,,
uq_ref_v1__unified__fd003__lstm__seed71__cqr,unified_reference,C-MAPSS,FD003,lstm,71,cqr,piecewise_125,common_14,unified_v1__fd003__lstm__seed71__quantile,3191,15,2873,19.93421173095703,0.92,123.04510231018067,0.7541038126374544,123.04498987864275,0.701883761682243,123.04499049582213,100,13696,0.57,83.1766788482666,0.2585140925159491,83.17656641672869,0.25708235981308414,83.17656703390807,100.0,13696.0
uq_ref_v1__unified__fd003__lstm__seed71__residual_split_cp,unified_reference,C-MAPSS,FD003,lstm,71,residual_split_cp,piecewise_125,common_14,unified_v1__fd003__lstm__seed71__point,3191,15,2873,67.6723403930664,0.86,135.3446807861328,0.9928582177330205,135.3446807861328,0.9903621495327103,135.3446807861328,100,13696,,,,,,,,
uq_ref_v1__unified__fd003__transformer__seed11__cqr,unified_reference,C-MAPSS,FD003,transformer,11,cqr,piecewise_125,common_14,unified_v1__fd003__transformer__seed11__quantile,3191,15,2873,3.1276016235351562,0.85,32.87813569545746,0.9050337205477211,29.772869226222085,0.9254526869158879,28.32841539071333,100,13696,0.76,26.622932448387147,0.8384237875836721,23.517665979151772,0.8574766355140186,22.07321214364302,100.0,13696.0
uq_ref_v1__unified__fd003__transformer__seed11__residual_split_cp,unified_reference,C-MAPSS,FD003,transformer,11,residual_split_cp,piecewise_125,common_14,unified_v1__fd003__transformer__seed11__point,3191,15,2873,21.001190185546875,0.89,42.00238037109375,0.9068147465505955,42.00238037109375,0.924357476635514,42.00238037109375,100,13696,,,,,,,,
uq_ref_v1__unified__fd003__transformer__seed23__cqr,unified_reference,C-MAPSS,FD003,transformer,23,cqr,piecewise_125,common_14,unified_v1__fd003__transformer__seed23__quantile,3191,15,2873,4.930595397949219,0.88,35.28785788297653,0.9045692330578768,31.597705060698157,0.923116238317757,30.57037931369078,100,13696,0.8,25.426667087078094,0.8377761323408618,21.73651426479972,0.8629526869158879,20.70918851779234,100.0,13696.0
uq_ref_v1__unified__fd003__transformer__seed23__residual_split_cp,unified_reference,C-MAPSS,FD003,transformer,23,residual_split_cp,piecewise_125,common_14,unified_v1__fd003__transformer__seed23__point,3191,15,2873,20.983253479003906,0.87,41.96650695800781,0.90669050254476,41.96650695800781,0.9264748831775701,41.96650695800781,100,13696,,,,,,,,
uq_ref_v1__unified__fd003__transformer__seed37__cqr,unified_reference,C-MAPSS,FD003,transformer,37,cqr,piecewise_125,common_14,unified_v1__fd003__transformer__seed37__quantile,3191,15,2873,5.750213623046875,0.88,37.79929245471954,0.9052526024062917,34.99604898028924,0.9253066588785047,34.43695596142489,100,13696,0.76,26.298865208625795,0.8191468548384104,23.49562173419549,0.849080023364486,22.936528715331143,100.0,13696.0
uq_ref_v1__unified__fd003__transformer__seed37__residual_split_cp,unified_reference,C-MAPSS,FD003,transformer,37,residual_split_cp,piecewise_125,common_14,unified_v1__fd003__transformer__seed37__point,3191,15,2873,21.69183349609375,0.86,43.3836669921875,0.9004787220463574,43.3836669921875,0.9190274532710281,43.3836669921875,100,13696,,,,,,,,
uq_ref_v1__unified__fd003__transformer__seed53__cqr,unified_reference,C-MAPSS,FD003,transformer,53,cqr,piecewise_125,common_14,unified_v1__fd003__transformer__seed53__quantile,3191,15,2873,4.796977996826172,0.87,32.570809214115144,0.8962561639383888,27.893113325587066,0.9207067757009346,26.85929988201046,100,13696,0.76,22.9768532204628,0.7938014078479424,18.299157331934715,0.8107476635514018,17.265343888358117,100.0,13696.0
uq_ref_v1__unified__fd003__transformer__seed53__residual_split_cp,unified_reference,C-MAPSS,FD003,transformer,53,residual_split_cp,piecewise_125,common_14,unified_v1__fd003__transformer__seed53__point,3191,15,2873,21.017616271972656,0.87,42.03523254394531,0.8991866047728415,42.03523254394531,0.9160338785046729,42.03523254394531,100,13696,,,,,,,,
uq_ref_v1__unified__fd003__transformer__seed71__cqr,unified_reference,C-MAPSS,FD003,transformer,71,cqr,piecewise_125,common_14,unified_v1__fd003__transformer__seed71__quantile,3191,15,2873,3.036466598510742,0.87,30.43872442960739,0.8948259066351976,25.45009443957009,0.920633761682243,24.3453018326556,100,13696,0.74,24.365791232585906,0.7383081511874731,19.3771612425486,0.733498831775701,18.272368635634116,100.0,13696.0
uq_ref_v1__unified__fd003__transformer__seed71__residual_split_cp,unified_reference,C-MAPSS,FD003,transformer,71,residual_split_cp,piecewise_125,common_14,unified_v1__fd003__transformer__seed71__point,3191,15,2873,23.070053100585938,0.9,46.140106201171875,0.9048672675778104,46.140106201171875,0.9195385514018691,46.140106201171875,100,13696,,,,,,,,
uq_ref_v1__unified__fd004__cnn_1d__seed11__cqr,unified_reference,C-MAPSS,FD004,cnn_1d,11,cqr,piecewise_125,common_14,unified_v1__fd004__cnn_1d__seed11__quantile,7662,37,6897,4.213031768798828,0.8467741935483871,80.11032401361773,0.9481579697113256,64.26281539999658,0.9454124134694356,61.623029951281104,248,34092,0.7580645161290323,71.68426047602007,0.8037996997664796,55.83675186239891,0.8027103132699753,53.19696641368345,248.0,34092.0
uq_ref_v1__unified__fd004__cnn_1d__seed11__residual_split_cp,unified_reference,C-MAPSS,FD004,cnn_1d,11,residual_split_cp,piecewise_125,common_14,unified_v1__fd004__cnn_1d__seed11__point,7662,37,6897,39.844871520996094,0.8548387096774194,79.68974304199219,0.9248987562184658,79.68974304199219,0.927900973835504,79.68974304199219,248,34092,,,,,,,,
uq_ref_v1__unified__fd004__cnn_1d__seed23__cqr,unified_reference,C-MAPSS,FD004,cnn_1d,23,cqr,piecewise_125,common_14,unified_v1__fd004__cnn_1d__seed23__quantile,7662,37,6897,7.122520446777344,0.8508064516129032,85.88416734337807,0.9568543244888316,69.2411703515061,0.9516602135398334,67.31391292932824,248,34092,0.6370967741935484,71.63912644982338,0.6798572805499573,54.996129457951405,0.6792502639915523,53.06887203577356,248.0,34092.0
uq_ref_v1__unified__fd004__cnn_1d__seed23__residual_split_cp,unified_reference,C-MAPSS,FD004,cnn_1d,23,residual_split_cp,piecewise_125,common_14,unified_v1__fd004__cnn_1d__seed23__point,7662,37,6897,42.55864715576172,0.8669354838709677,85.11729431152344,0.9293132062756742,85.11729431152344,0.9330928076968203,85.11729431152344,248,34092,,,,,,,,
uq_ref_v1__unified__fd004__cnn_1d__seed37__cqr,unified_reference,C-MAPSS,FD004,cnn_1d,37,cqr,piecewise_125,common_14,unified_v1__fd004__cnn_1d__seed37__quantile,7662,37,6897,6.197454452514648,0.8467741935483871,85.99835648844319,0.9559251655235588,69.7278429991581,0.9498416050686378,67.79807370606686,248,34092,0.7379032258064516,73.6034475834139,0.8211985309034449,57.33293409412881,0.8198110993781532,55.40316480103756,248.0,34092.0
uq_ref_v1__unified__fd004__cnn_1d__seed37__residual_split_cp,unified_reference,C-MAPSS,FD004,cnn_1d,37,residual_split_cp,piecewise_125,common_14,unified_v1__fd004__cnn_1d__seed37__point,7662,37,6897,41.65779113769531,0.8709677419354839,83.31558227539062,0.9301237597409907,83.31558227539062,0.9329754781180336,83.31558227539062,248,34092,,,,,,,,
uq_ref_v1__unified__fd004__cnn_1d__seed53__cqr,unified_reference,C-MAPSS,FD004,cnn_1d,53,cqr,piecewise_125,common_14,unified_v1__fd004__cnn_1d__seed53__quantile,7662,37,6897,4.891216278076172,0.8548387096774194,78.72100254797166,0.9307165046299585,64.77564221834562,0.9318901795142556,61.85476546772598,248,34092,0.7298387096774194,68.93856999181932,0.8013840206861881,54.99320966219328,0.8243282881614455,52.07233291157364,248.0,34092.0
uq_ref_v1__unified__fd004__cnn_1d__seed53__residual_split_cp,unified_reference,C-MAPSS,FD004,cnn_1d,53,residual_split_cp,piecewise_125,common_14,unified_v1__fd004__cnn_1d__seed53__point,7662,37,6897,40.712188720703125,0.8508064516129032,81.42437744140625,0.9241543876713745,81.42437744140625,0.9267570104423325,81.42437744140625,248,34092,,,,,,,,
uq_ref_v1__unified__fd004__cnn_1d__seed71__cqr,unified_reference,C-MAPSS,FD004,cnn_1d,71,cqr,piecewise_125,common_14,unified_v1__fd004__cnn_1d__seed71__quantile,7662,37,6897,8.75562858581543,0.8508064516129032,87.44885369654625,0.9564176663387473,71.26032561522268,0.9516308811451367,69.51942014355734,248,34092,0.6088709677419355,69.93759652491539,0.6680273351545439,53.74906844359182,0.6665493370878799,52.00816297192648,248.0,34092.0
uq_ref_v1__unified__fd004__cnn_1d__seed71__residual_split_cp,unified_reference,C-MAPSS,FD004,cnn_1d,71,residual_split_cp,piecewise_125,common_14,unified_v1__fd004__cnn_1d__seed71__point,7662,37,6897,44.2685546875,0.8629032258064516,88.537109375,0.9426191506873546,88.537109375,0.9437404669717235,88.537109375,248,34092,,,,,,,,
uq_ref_v1__unified__fd004__lightgbm__seed11__cqr,unified_reference,C-MAPSS,FD004,lightgbm,11,cqr,piecewise_125,common_14,unified_v1__fd004__lightgbm__seed11__quantile,7662,37,6897,4.432047093016227,0.8669354838709677,74.02456199007591,0.9258647304477641,46.53954905996247,0.9318901795142556,45.516322752989716,248,34092,0.8145161290322581,65.16046780404345,0.9035529971531393,37.67545487393002,0.90854159333568,36.65222856695728,248.0,34092.0
uq_ref_v1__unified__fd004__lightgbm__seed11__residual_split_cp,unified_reference,C-MAPSS,FD004,lightgbm,11,residual_split_cp,piecewise_125,common_14,unified_v1__fd004__lightgbm__seed11__point,7662,37,6897,31.060274788929036,0.8991935483870968,62.120549577858085,0.911647698532583,62.120549577858085,0.9235597794203919,62.120549577858085,248,34092,,,,,,,,
uq_ref_v1__unified__fd004__lightgbm__seed23__cqr,unified_reference,C-MAPSS,FD004,lightgbm,23,cqr,piecewise_125,common_14,unified_v1__fd004__lightgbm__seed23__quantile,7662,37,6897,4.432047093016227,0.8669354838709677,74.02456199007591,0.9258647304477641,46.53954905996247,0.9318901795142556,45.516322752989716,248,34092,0.8145161290322581,65.16046780404345,0.9035529971531393,37.67545487393002,0.90854159333568,36.65222856695728,248.0,34092.0
uq_ref_v1__unified__fd004__lightgbm__seed23__residual_split_cp,unified_reference,C-MAPSS,FD004,lightgbm,23,residual_split_cp,piecewise_125,common_14,unified_v1__fd004__lightgbm__seed23__point,7662,37,6897,31.060274788929036,0.8991935483870968,62.120549577858085,0.911647698532583,62.120549577858085,0.9235597794203919,62.120549577858085,248,34092,,,,,,,,
uq_ref_v1__unified__fd004__lightgbm__seed37__cqr,unified_reference,C-MAPSS,FD004,lightgbm,37,cqr,piecewise_125,common_14,unified_v1__fd004__lightgbm__seed37__quantile,7662,37,6897,4.432047093016227,0.8669354838709677,74.02456199007591,0.9258647304477641,46.53954905996247,0.9318901795142556,45.516322752989716,248,34092,0.8145161290322581,65.16046780404345,0.9035529971531393,37.67545487393002,0.90854159333568,36.65222856695728,248.0,34092.0
uq_ref_v1__unified__fd004__lightgbm__seed37__residual_split_cp,unified_reference,C-MAPSS,FD004,lightgbm,37,residual_split_cp,piecewise_125,common_14,unified_v1__fd004__lightgbm__seed37__point,7662,37,6897,31.060274788929036,0.8991935483870968,62.120549577858085,0.911647698532583,62.120549577858085,0.9235597794203919,62.120549577858085,248,34092,,,,,,,,
uq_ref_v1__unified__fd004__lightgbm__seed53__cqr,unified_reference,C-MAPSS,FD004,lightgbm,53,cqr,piecewise_125,common_14,unified_v1__fd004__lightgbm__seed53__quantile,7662,37,6897,4.432047093016227,0.8669354838709677,74.02456199007591,0.9258647304477641,46.53954905996247,0.9318901795142556,45.516322752989716,248,34092,0.8145161290322581,65.16046780404345,0.9035529971531393,37.67545487393002,0.90854159333568,36.65222856695728,248.0,34092.0
uq_ref_v1__unified__fd004__lightgbm__seed53__residual_split_cp,unified_reference,C-MAPSS,FD004,lightgbm,53,residual_split_cp,piecewise_125,common_14,unified_v1__fd004__lightgbm__seed53__point,7662,37,6897,31.060274788929036,0.8991935483870968,62.120549577858085,0.911647698532583,62.120549577858085,0.9235597794203919,62.120549577858085,248,34092,,,,,,,,
uq_ref_v1__unified__fd004__lightgbm__seed71__cqr,unified_reference,C-MAPSS,FD004,lightgbm,71,cqr,piecewise_125,common_14,unified_v1__fd004__lightgbm__seed71__quantile,7662,37,6897,4.432047093016227,0.8669354838709677,74.02456199007591,0.9258647304477641,46.53954905996247,0.9318901795142556,45.516322752989716,248,34092,0.8145161290322581,65.16046780404345,0.9035529971531393,37.67545487393002,0.90854159333568,36.65222856695728,248.0,34092.0
uq_ref_v1__unified__fd004__lightgbm__seed71__residual_split_cp,unified_reference,C-MAPSS,FD004,lightgbm,71,residual_split_cp,piecewise_125,common_14,unified_v1__fd004__lightgbm__seed71__point,7662,37,6897,31.060274788929036,0.8991935483870968,62.120549577858085,0.911647698532583,62.120549577858085,0.9235597794203919,62.120549577858085,248,34092,,,,,,,,
uq_ref_v1__unified__fd004__lstm__seed11__cqr,unified_reference,C-MAPSS,FD004,lstm,11,cqr,piecewise_125,common_14,unified_v1__fd004__lstm__seed11__quantile,7662,37,6897,24.074676513671875,0.9395161290322581,127.67034422966742,0.8802969685856804,127.6703871312904,0.8612577730845946,127.67038234432972,248,34092,0.43548387096774194,79.52099120232367,0.20782115666247555,79.52103410394665,0.21447847002229262,79.52102931698597,248.0,34092.0
uq_ref_v1__unified__fd004__lstm__seed11__residual_split_cp,unified_reference,C-MAPSS,FD004,lstm,11,residual_split_cp,piecewise_125,common_14,unified_v1__fd004__lstm__seed11__point,7662,37,6897,66.66261291503906,0.8387096774193549,133.32522583007812,0.9898227808215389,133.32522583007812,0.989440337909187,133.32522583007812,248,34092,,,,,,,,
uq_ref_v1__unified__fd004__lstm__seed23__cqr,unified_reference,C-MAPSS,FD004,lstm,23,cqr,piecewise_125,common_14,unified_v1__fd004__lstm__seed23__quantile,7662,37,6897,24.440414428710938,0.9274193548387096,127.61829863825152,0.8570197944632556,127.61834325390453,0.8372638742226916,127.61833890922526,248,34092,0.43548387096774194,78.73746978082964,0.20782115666247555,78.73751439648268,0.21447847002229262,78.73751005180338,248.0,34092.0
uq_ref_v1__unified__fd004__lstm__seed23__residual_split_cp,unified_reference,C-MAPSS,FD004,lstm,23,residual_split_cp,piecewise_125,common_14,unified_v1__fd004__lstm__seed23__point,7662,37,6897,66.74055480957031,0.8387096774193549,133.48110961914062,0.9898327124916485,133.48110961914062,0.9894696703038837,133.48110961914062,248,34092,,,,,,,,
uq_ref_v1__unified__fd004__lstm__seed37__cqr,unified_reference,C-MAPSS,FD004,lstm,37,cqr,piecewise_125,common_14,unified_v1__fd004__lstm__seed37__quantile,7662,37,6897,23.6959228515625,0.9395161290322581,126.7942658855069,0.882837093480387,126.79430904820816,0.8649536548163792,126.79430447438227,248,34092,0.43951612903225806,79.4024201823819,0.21267777754248032,79.40246334508316,0.21881966443740467,79.40245877125727,248.0,34092.0
uq_ref_v1__unified__fd004__lstm__seed37__residual_split_cp,unified_reference,C-MAPSS,FD004,lstm,37,residual_split_cp,piecewise_125,common_14,unified_v1__fd004__lstm__seed37__point,7662,37,6897,66.7228775024414,0.8387096774193549,133.4457550048828,0.9897770788093828,133.4457550048828,0.9893816731197935,133.4457550048828,248,34092,,,,,,,,
uq_ref_v1__unified__fd004__lstm__seed53__cqr,unified_reference,C-MAPSS,FD004,lstm,53,cqr,piecewise_125,common_14,unified_v1__fd004__lstm__seed53__quantile,7662,37,6897,24.4632568359375,0.9314516129032258,127.45200246380222,0.8647649443774261,127.45204460542813,0.8407837615862959,127.45204024190119,248,34092,0.41935483870967744,78.52548879192722,0.20664134859728459,78.52553093355311,0.2131878446556377,78.52552657002619,248.0,34092.0
uq_ref_v1__unified__fd004__lstm__seed53__residual_split_cp,unified_reference,C-MAPSS,FD004,lstm,53,residual_split_cp,piecewise_125,common_14,unified_v1__fd004__lstm__seed53__point,7662,37,6897,66.72367095947266,0.8387096774193549,133.4473419189453,0.9897770788093828,133.4473419189453,0.9893816731197935,133.4473419189453,248,34092,,,,,,,,
uq_ref_v1__unified__fd004__lstm__seed71__cqr,unified_reference,C-MAPSS,FD004,lstm,71,cqr,piecewise_125,common_14,unified_v1__fd004__lstm__seed71__quantile,7662,37,6897,24.453140258789062,0.9395161290322581,127.52887198232835,0.8864832043091261,127.5289091168013,0.8688548633110407,127.52890521730599,248,34092,0.43548387096774194,78.62259146475023,0.20782115666247555,78.62262859922318,0.21447847002229262,78.62262469972787,248.0,34092.0
uq_ref_v1__unified__fd004__lstm__seed71__residual_split_cp,unified_reference,C-MAPSS,FD004,lstm,71,residual_split_cp,piecewise_125,common_14,unified_v1__fd004__lstm__seed71__point,7662,37,6897,66.60382080078125,0.8387096774193549,133.2076416015625,0.9897426150652416,133.2076416015625,0.9893523407250968,133.2076416015625,248,34092,,,,,,,,
uq_ref_v1__unified__fd004__transformer__seed11__cqr,unified_reference,C-MAPSS,FD004,transformer,11,cqr,piecewise_125,common_14,unified_v1__fd004__transformer__seed11__quantile,7662,37,6897,9.886306762695312,0.8629032258064516,111.03363070180339,0.9418851956752222,111.02111022094374,0.9377859908482928,111.02156902621165,248,34092,0.49193548387096775,91.26101717641276,0.2824920874386906,91.24849669555311,0.2799777073800305,91.24895550082103,248.0,34092.0
uq_ref_v1__unified__fd004__transformer__seed11__residual_split_cp,unified_reference,C-MAPSS,FD004,transformer,11,residual_split_cp,piecewise_125,common_14,unified_v1__fd004__transformer__seed11__point,7662,37,6897,66.74307250976562,0.8346774193548387,133.48614501953125,0.9882610862479291,133.48614501953125,0.9881790449372286,133.48614501953125,248,34092,,,,,,,,
uq_ref_v1__unified__fd004__transformer__seed23__cqr,unified_reference,C-MAPSS,FD004,transformer,23,cqr,piecewise_125,common_14,unified_v1__fd004__transformer__seed23__quantile,7662,37,6897,8.84539794921875,0.8629032258064516,111.17271160310314,0.9381821076681504,111.16368766193953,0.9356447260354336,111.16337005837232,248,34092,0.5120967741935484,93.48191570466564,0.2891552931255866,93.47289176350203,0.286049513082248,93.47257415993482,248.0,34092.0
uq_ref_v1__unified__fd004__transformer__seed23__residual_split_cp,unified_reference,C-MAPSS,FD004,transformer,23,residual_split_cp,piecewise_125,common_14,unified_v1__fd004__transformer__seed23__point,7662,37,6897,34.89920425415039,0.8870967741935484,69.79840850830078,0.9067734869197986,69.79840850830078,0.9147307286166843,69.79840850830078,248,34092,,,,,,,,
uq_ref_v1__unified__fd004__transformer__seed37__cqr,unified_reference,C-MAPSS,FD004,transformer,37,cqr,piecewise_125,common_14,unified_v1__fd004__transformer__seed37__quantile,7662,37,6897,9.894332885742188,0.8790322580645161,112.47698599292386,0.9398660106138632,112.45621031242615,0.9230611287105479,112.45368941188572,248,34092,0.5,92.68832022143948,0.2837249771619773,92.66754454094179,0.28132699753607887,92.66502364040134,248.0,34092.0
uq_ref_v1__unified__fd004__transformer__seed37__residual_split_cp,unified_reference,C-MAPSS,FD004,transformer,37,residual_split_cp,piecewise_125,common_14,unified_v1__fd004__transformer__seed37__point,7662,37,6897,34.93226623535156,0.8669354838709677,69.86453247070312,0.9169004775012392,69.86453247070312,0.9224744808166139,69.86453247070312,248,34092,,,,,,,,
uq_ref_v1__unified__fd004__transformer__seed53__cqr,unified_reference,C-MAPSS,FD004,transformer,53,cqr,piecewise_125,common_14,unified_v1__fd004__transformer__seed53__quantile,7662,37,6897,9.054519653320312,0.8588709677419355,111.34951224634725,0.9494932138267237,111.33239320320254,0.9401619148187258,111.33014751428955,248,34092,0.5,93.24047293970662,0.2837249771619773,93.22335389656192,0.28132699753607887,93.22110820764892,248.0,34092.0
uq_ref_v1__unified__fd004__transformer__seed53__residual_split_cp,unified_reference,C-MAPSS,FD004,transformer,53,residual_split_cp,piecewise_125,common_14,unified_v1__fd004__transformer__seed53__point,7662,37,6897,35.63133239746094,0.8790322580645161,71.26266479492188,0.9209895088376235,71.26266479492188,0.9267276780476358,71.26266479492188,248,34092,,,,,,,,
uq_ref_v1__unified__fd004__transformer__seed71__cqr,unified_reference,C-MAPSS,FD004,transformer,71,cqr,piecewise_125,common_14,unified_v1__fd004__transformer__seed71__quantile,7662,37,6897,0.9499187469482422,0.8104838709677419,53.230231243275824,0.9223930969287619,49.052830986110315,0.927695647072627,46.74771852235335,248,34092,0.8064516129032258,51.33039374937934,0.9161059501732196,47.15299349221383,0.9220344948961633,44.84788102845687,248.0,34092.0
uq_ref_v1__unified__fd004__transformer__seed71__residual_split_cp,unified_reference,C-MAPSS,FD004,transformer,71,residual_split_cp,piecewise_125,common_14,unified_v1__fd004__transformer__seed71__point,7662,37,6897,36.240089416503906,0.8709677419354839,72.48017883300781,0.9150662185355961,72.48017883300781,0.9203918807931479,72.48017883300781,248,34092,,,,,,,,
