run_id,arm,subset,split_seed,model,init_seed,target,sensors,truth,population,rmse,nasa_mean,engines
core__fd001__s137__cnn_1d__i11__piecewise_125__common_14__scale125,core,FD001,137,cnn_1d,11,piecewise_125,common_14,capped125,endpoint,15.67275947534427,4.534290239496387,100
core__fd001__s137__cnn_1d__i11__piecewise_125__common_14__scale125,core,FD001,137,cnn_1d,11,piecewise_125,common_14,capped125,equal_engine_windows,15.226196648788578,4.061693811113915,100
core__fd001__s137__cnn_1d__i11__piecewise_125__common_14__scale125,core,FD001,137,cnn_1d,11,piecewise_125,common_14,capped125,pooled_windows,15.913816980234381,4.284411342990025,100
core__fd001__s137__cnn_1d__i11__piecewise_125__common_14__scale125,core,FD001,137,cnn_1d,11,piecewise_125,common_14,raw,endpoint,16.92703272748794,4.953653589909413,100
core__fd001__s137__cnn_1d__i11__piecewise_125__common_14__scale125,core,FD001,137,cnn_1d,11,piecewise_125,common_14,raw,equal_engine_windows,41.21270834989296,3043.7469005227995,100
core__fd001__s137__cnn_1d__i11__piecewise_125__common_14__scale125,core,FD001,137,cnn_1d,11,piecewise_125,common_14,raw,pooled_windows,47.73589697868261,5969.4338097996115,100
core__fd001__s137__cnn_1d__i23__piecewise_125__common_14__scale125,core,FD001,137,cnn_1d,23,piecewise_125,common_14,capped125,endpoint,16.230228604387595,5.41757874709686,100
core__fd001__s137__cnn_1d__i23__piecewise_125__common_14__scale125,core,FD001,137,cnn_1d,23,piecewise_125,common_14,capped125,equal_engine_windows,15.604789014184012,4.509922675366461,100
core__fd001__s137__cnn_1d__i23__piecewise_125__common_14__scale125,core,FD001,137,cnn_1d,23,piecewise_125,common_14,capped125,pooled_windows,16.031432063433527,4.6871111585381,100
core__fd001__s137__cnn_1d__i23__piecewise_125__common_14__scale125,core,FD001,137,cnn_1d,23,piecewise_125,common_14,raw,endpoint,17.393826587877143,5.803507943829983,100
core__fd001__s137__cnn_1d__i23__piecewise_125__common_14__scale125,core,FD001,137,cnn_1d,23,piecewise_125,common_14,raw,equal_engine_windows,41.21310498269051,2645.848802612245,100
core__fd001__s137__cnn_1d__i23__piecewise_125__common_14__scale125,core,FD001,137,cnn_1d,23,piecewise_125,common_14,raw,pooled_windows,47.5465102641325,5075.236878131068,100
core__fd001__s137__lightgbm__i11__piecewise_125__common_14__scale125,core,FD001,137,lightgbm,11,piecewise_125,common_14,capped125,endpoint,13.302789251930555,2.898025932549174,100
core__fd001__s137__lightgbm__i11__piecewise_125__common_14__scale125,core,FD001,137,lightgbm,11,piecewise_125,common_14,capped125,equal_engine_windows,14.61516005742077,3.84723839493015,100
core__fd001__s137__lightgbm__i11__piecewise_125__common_14__scale125,core,FD001,137,lightgbm,11,piecewise_125,common_14,capped125,pooled_windows,15.401158456737083,4.231339882117001,100
core__fd001__s137__lightgbm__i11__piecewise_125__common_14__scale125,core,FD001,137,lightgbm,11,piecewise_125,common_14,raw,endpoint,14.598097657800121,3.231532033817562,100
core__fd001__s137__lightgbm__i11__piecewise_125__common_14__scale125,core,FD001,137,lightgbm,11,piecewise_125,common_14,raw,equal_engine_windows,41.366167940241276,2929.517895761391,100
core__fd001__s137__lightgbm__i11__piecewise_125__common_14__scale125,core,FD001,137,lightgbm,11,piecewise_125,common_14,raw,pooled_windows,47.93518361080344,5580.688060607384,100
core__fd001__s137__lstm__i11__piecewise_125__common_14__scale125,core,FD001,137,lstm,11,piecewise_125,common_14,capped125,endpoint,13.562343333566558,3.408524507763342,100
core__fd001__s137__lstm__i11__piecewise_125__common_14__scale125,core,FD001,137,lstm,11,piecewise_125,common_14,capped125,equal_engine_windows,13.713296909951847,3.4047351600000466,100
core__fd001__s137__lstm__i11__piecewise_125__common_14__scale125,core,FD001,137,lstm,11,piecewise_125,common_14,capped125,pooled_windows,14.15791088861086,3.500976724149601,100
core__fd001__s137__lstm__i11__piecewise_125__common_14__scale125,core,FD001,137,lstm,11,piecewise_125,common_14,raw,endpoint,14.856996068769746,3.7845882722360757,100
core__fd001__s137__lstm__i11__piecewise_125__common_14__scale125,core,FD001,137,lstm,11,piecewise_125,common_14,raw,equal_engine_windows,39.76763283025182,2578.6425485952564,100
core__fd001__s137__lstm__i11__piecewise_125__common_14__scale125,core,FD001,137,lstm,11,piecewise_125,common_14,raw,pooled_windows,46.16896525310314,4973.294775000157,100
core__fd001__s137__lstm__i23__piecewise_125__common_14__scale125,core,FD001,137,lstm,23,piecewise_125,common_14,capped125,endpoint,14.05080003844469,4.055793161966495,100
core__fd001__s137__lstm__i23__piecewise_125__common_14__scale125,core,FD001,137,lstm,23,piecewise_125,common_14,capped125,equal_engine_windows,13.61906473517881,3.4204100205319605,100
core__fd001__s137__lstm__i23__piecewise_125__common_14__scale125,core,FD001,137,lstm,23,piecewise_125,common_14,capped125,pooled_windows,14.01369869714893,3.4519116357753306,100
core__fd001__s137__lstm__i23__piecewise_125__common_14__scale125,core,FD001,137,lstm,23,piecewise_125,common_14,raw,endpoint,15.237824860526487,4.412759430139063,100
core__fd001__s137__lstm__i23__piecewise_125__common_14__scale125,core,FD001,137,lstm,23,piecewise_125,common_14,raw,equal_engine_windows,39.10621452221212,2437.4840709947603,100
core__fd001__s137__lstm__i23__piecewise_125__common_14__scale125,core,FD001,137,lstm,23,piecewise_125,common_14,raw,pooled_windows,45.50852426647047,4709.752915513685,100
core__fd001__s271__cnn_1d__i11__piecewise_125__common_14__scale125,core,FD001,271,cnn_1d,11,piecewise_125,common_14,capped125,endpoint,15.07148042835,4.293739101028591,100
core__fd001__s271__cnn_1d__i11__piecewise_125__common_14__scale125,core,FD001,271,cnn_1d,11,piecewise_125,common_14,capped125,equal_engine_windows,15.259541287286336,4.249308650458234,100
core__fd001__s271__cnn_1d__i11__piecewise_125__common_14__scale125,core,FD001,271,cnn_1d,11,piecewise_125,common_14,capped125,pooled_windows,16.027679918861846,4.572932587138673,100
core__fd001__s271__cnn_1d__i11__piecewise_125__common_14__scale125,core,FD001,271,cnn_1d,11,piecewise_125,common_14,raw,endpoint,16.408825540432964,4.707068480335258,100
core__fd001__s271__cnn_1d__i11__piecewise_125__common_14__scale125,core,FD001,271,cnn_1d,11,piecewise_125,common_14,raw,equal_engine_windows,41.44238871927228,3462.646706973541,100
core__fd001__s271__cnn_1d__i11__piecewise_125__common_14__scale125,core,FD001,271,cnn_1d,11,piecewise_125,common_14,raw,pooled_windows,48.02522608239114,6775.322686447065,100
core__fd001__s271__cnn_1d__i23__piecewise_125__common_14__scale125,core,FD001,271,cnn_1d,23,piecewise_125,common_14,capped125,endpoint,15.180484555700911,4.388468168230078,100
core__fd001__s271__cnn_1d__i23__piecewise_125__common_14__scale125,core,FD001,271,cnn_1d,23,piecewise_125,common_14,capped125,equal_engine_windows,15.107447494312284,3.911724118039483,100
core__fd001__s271__cnn_1d__i23__piecewise_125__common_14__scale125,core,FD001,271,cnn_1d,23,piecewise_125,common_14,capped125,pooled_windows,15.729675549301664,4.108755938939487,100
core__fd001__s271__cnn_1d__i23__piecewise_125__common_14__scale125,core,FD001,271,cnn_1d,23,piecewise_125,common_14,raw,endpoint,16.553298024433587,4.8634612370812444,100
core__fd001__s271__cnn_1d__i23__piecewise_125__common_14__scale125,core,FD001,271,cnn_1d,23,piecewise_125,common_14,raw,equal_engine_windows,41.91076112592326,3839.387843927261,100
core__fd001__s271__cnn_1d__i23__piecewise_125__common_14__scale125,core,FD001,271,cnn_1d,23,piecewise_125,common_14,raw,pooled_windows,48.52062249427397,7462.586624279551,100
core__fd001__s271__lightgbm__i11__piecewise_125__common_14__scale125,core,FD001,271,lightgbm,11,piecewise_125,common_14,capped125,endpoint,13.824036264769578,3.3286234853308834,100
core__fd001__s271__lightgbm__i11__piecewise_125__common_14__scale125,core,FD001,271,lightgbm,11,piecewise_125,common_14,capped125,equal_engine_windows,14.374194784423239,4.253718301964521,100
core__fd001__s271__lightgbm__i11__piecewise_125__common_14__scale125,core,FD001,271,lightgbm,11,piecewise_125,common_14,capped125,pooled_windows,15.175953476562391,4.609477204186426,100
core__fd001__s271__lightgbm__i11__piecewise_125__common_14__scale125,core,FD001,271,lightgbm,11,piecewise_125,common_14,raw,endpoint,15.049660759227772,3.6468152913610496,100
core__fd001__s271__lightgbm__i11__piecewise_125__common_14__scale125,core,FD001,271,lightgbm,11,piecewise_125,common_14,raw,equal_engine_windows,40.82456874860035,2827.155954171519,100
core__fd001__s271__lightgbm__i11__piecewise_125__common_14__scale125,core,FD001,271,lightgbm,11,piecewise_125,common_14,raw,pooled_windows,47.45224600616601,5500.325417602154,100
core__fd001__s271__lstm__i11__piecewise_125__common_14__scale125,core,FD001,271,lstm,11,piecewise_125,common_14,capped125,endpoint,13.26462111627375,3.189382819478808,100
core__fd001__s271__lstm__i11__piecewise_125__common_14__scale125,core,FD001,271,lstm,11,piecewise_125,common_14,capped125,equal_engine_windows,13.573535604078362,3.0387497634116385,100
core__fd001__s271__lstm__i11__piecewise_125__common_14__scale125,core,FD001,271,lstm,11,piecewise_125,common_14,capped125,pooled_windows,14.239584231895186,3.2249511961529898,100
core__fd001__s271__lstm__i11__piecewise_125__common_14__scale125,core,FD001,271,lstm,11,piecewise_125,common_14,raw,endpoint,14.599909416232828,3.562397469512064,100
core__fd001__s271__lstm__i11__piecewise_125__common_14__scale125,core,FD001,271,lstm,11,piecewise_125,common_14,raw,equal_engine_windows,40.09702603275409,2650.3926023366803,100
core__fd001__s271__lstm__i11__piecewise_125__common_14__scale125,core,FD001,271,lstm,11,piecewise_125,common_14,raw,pooled_windows,46.67658963069954,5157.891131452739,100
core__fd001__s271__lstm__i23__piecewise_125__common_14__scale125,core,FD001,271,lstm,23,piecewise_125,common_14,capped125,endpoint,13.793897041846018,3.3035439496194714,100
core__fd001__s271__lstm__i23__piecewise_125__common_14__scale125,core,FD001,271,lstm,23,piecewise_125,common_14,capped125,equal_engine_windows,13.552828366417241,2.9090112763644886,100
core__fd001__s271__lstm__i23__piecewise_125__common_14__scale125,core,FD001,271,lstm,23,piecewise_125,common_14,capped125,pooled_windows,14.164831495414228,3.063800792604405,100
core__fd001__s271__lstm__i23__piecewise_125__common_14__scale125,core,FD001,271,lstm,23,piecewise_125,common_14,raw,endpoint,15.214681064942434,3.7485300115028064,100
core__fd001__s271__lstm__i23__piecewise_125__common_14__scale125,core,FD001,271,lstm,23,piecewise_125,common_14,raw,equal_engine_windows,40.26787698815542,2760.4941862981614,100
core__fd001__s271__lstm__i23__piecewise_125__common_14__scale125,core,FD001,271,lstm,23,piecewise_125,common_14,raw,pooled_windows,46.84127771382088,5374.9015186553015,100
core__fd001__s42__cnn_1d__i11__piecewise_125__common_14__scale125,core,FD001,42,cnn_1d,11,piecewise_125,common_14,capped125,endpoint,15.770936130411457,5.002931445225315,100
core__fd001__s42__cnn_1d__i11__piecewise_125__common_14__scale125,core,FD001,42,cnn_1d,11,piecewise_125,common_14,capped125,equal_engine_windows,15.04964918467852,4.02190572833688,100
core__fd001__s42__cnn_1d__i11__piecewise_125__common_14__scale125,core,FD001,42,cnn_1d,11,piecewise_125,common_14,capped125,pooled_windows,15.713255275640012,4.2442724696232155,100
core__fd001__s42__cnn_1d__i11__piecewise_125__common_14__scale125,core,FD001,42,cnn_1d,11,piecewise_125,common_14,raw,endpoint,17.023571645466596,5.409700465282144,100
core__fd001__s42__cnn_1d__i11__piecewise_125__common_14__scale125,core,FD001,42,cnn_1d,11,piecewise_125,common_14,raw,equal_engine_windows,41.11887053185666,3136.162763083177,100
core__fd001__s42__cnn_1d__i11__piecewise_125__common_14__scale125,core,FD001,42,cnn_1d,11,piecewise_125,common_14,raw,pooled_windows,47.637224929121544,6120.500359113341,100
core__fd001__s42__cnn_1d__i23__piecewise_125__common_14__scale125,core,FD001,42,cnn_1d,23,piecewise_125,common_14,capped125,endpoint,16.21144824919714,6.776926240325751,100
core__fd001__s42__cnn_1d__i23__piecewise_125__common_14__scale125,core,FD001,42,cnn_1d,23,piecewise_125,common_14,capped125,equal_engine_windows,14.804584788686215,4.254030234007448,100
core__fd001__s42__cnn_1d__i23__piecewise_125__common_14__scale125,core,FD001,42,cnn_1d,23,piecewise_125,common_14,capped125,pooled_windows,15.408891316025727,4.436888962511333,100
core__fd001__s42__cnn_1d__i23__piecewise_125__common_14__scale125,core,FD001,42,cnn_1d,23,piecewise_125,common_14,raw,endpoint,17.36520180877228,7.157557102715421,100
core__fd001__s42__cnn_1d__i23__piecewise_125__common_14__scale125,core,FD001,42,cnn_1d,23,piecewise_125,common_14,raw,equal_engine_windows,40.46543180945166,2577.414258172052,100
core__fd001__s42__cnn_1d__i23__piecewise_125__common_14__scale125,core,FD001,42,cnn_1d,23,piecewise_125,common_14,raw,pooled_windows,46.91716211562918,5002.856911063278,100
core__fd001__s42__lightgbm__i11__piecewise_125__common_14__scale125,core,FD001,42,lightgbm,11,piecewise_125,common_14,capped125,endpoint,13.767391691418647,3.338846617013244,100
core__fd001__s42__lightgbm__i11__piecewise_125__common_14__scale125,core,FD001,42,lightgbm,11,piecewise_125,common_14,capped125,equal_engine_windows,14.723007073437177,3.8808627223581453,100
core__fd001__s42__lightgbm__i11__piecewise_125__common_14__scale125,core,FD001,42,lightgbm,11,piecewise_125,common_14,capped125,pooled_windows,15.54780340683821,4.218526597826109,100
core__fd001__s42__lightgbm__i11__piecewise_125__common_14__scale125,core,FD001,42,lightgbm,11,piecewise_125,common_14,raw,endpoint,14.944116933543556,3.6494924275633696,100
core__fd001__s42__lightgbm__i11__piecewise_125__common_14__scale125,core,FD001,42,lightgbm,11,piecewise_125,common_14,raw,equal_engine_windows,41.342223690735146,2925.9192767473373,100
core__fd001__s42__lightgbm__i11__piecewise_125__common_14__scale125,core,FD001,42,lightgbm,11,piecewise_125,common_14,raw,pooled_windows,47.97799875446636,5616.055218446749,100
core__fd001__s42__lstm__i11__piecewise_125__common_14__scale125,core,FD001,42,lstm,11,piecewise_125,common_14,capped125,endpoint,13.425865518208429,3.599488476855497,100
core__fd001__s42__lstm__i11__piecewise_125__common_14__scale125,core,FD001,42,lstm,11,piecewise_125,common_14,capped125,equal_engine_windows,13.060949084041239,3.061240271069981,100
core__fd001__s42__lstm__i11__piecewise_125__common_14__scale125,core,FD001,42,lstm,11,piecewise_125,common_14,capped125,pooled_windows,13.566361475713439,3.1329530241625014,100
core__fd001__s42__lstm__i11__piecewise_125__common_14__scale125,core,FD001,42,lstm,11,piecewise_125,common_14,raw,endpoint,14.661601083060498,3.936946928937234,100
core__fd001__s42__lstm__i11__piecewise_125__common_14__scale125,core,FD001,42,lstm,11,piecewise_125,common_14,raw,equal_engine_windows,39.24328540450457,2596.2268321077836,100
core__fd001__s42__lstm__i11__piecewise_125__common_14__scale125,core,FD001,42,lstm,11,piecewise_125,common_14,raw,pooled_windows,45.76611512012961,5094.617841764175,100
core__fd001__s42__lstm__i23__piecewise_125__common_14__scale125,core,FD001,42,lstm,23,piecewise_125,common_14,capped125,endpoint,13.780070151989975,3.6468349860227,100
core__fd001__s42__lstm__i23__piecewise_125__common_14__scale125,core,FD001,42,lstm,23,piecewise_125,common_14,capped125,equal_engine_windows,13.023662349348715,3.0543670442174617,100
core__fd001__s42__lstm__i23__piecewise_125__common_14__scale125,core,FD001,42,lstm,23,piecewise_125,common_14,capped125,pooled_windows,13.436285138411884,3.0991762176232966,100
core__fd001__s42__lstm__i23__piecewise_125__common_14__scale125,core,FD001,42,lstm,23,piecewise_125,common_14,raw,endpoint,14.979377686317326,3.985775718280921,100
core__fd001__s42__lstm__i23__piecewise_125__common_14__scale125,core,FD001,42,lstm,23,piecewise_125,common_14,raw,equal_engine_windows,38.69152751655196,2215.244888360797,100
core__fd001__s42__lstm__i23__piecewise_125__common_14__scale125,core,FD001,42,lstm,23,piecewise_125,common_14,raw,pooled_windows,45.09060983767157,4320.9624732928905,100
core__fd002__s137__cnn_1d__i11__piecewise_125__common_14__scale125,core,FD002,137,cnn_1d,11,piecewise_125,common_14,capped125,endpoint,22.386434307617154,22.712953785705416,259
core__fd002__s137__cnn_1d__i11__piecewise_125__common_14__scale125,core,FD002,137,cnn_1d,11,piecewise_125,common_14,capped125,equal_engine_windows,22.75034980495584,18.646981890916354,259
core__fd002__s137__cnn_1d__i11__piecewise_125__common_14__scale125,core,FD002,137,cnn_1d,11,piecewise_125,common_14,capped125,pooled_windows,23.039508478446777,19.45788463212766,259
core__fd002__s137__cnn_1d__i11__piecewise_125__common_14__scale125,core,FD002,137,cnn_1d,11,piecewise_125,common_14,raw,endpoint,33.03232033667093,120.50397416031242,259
core__fd002__s137__cnn_1d__i11__piecewise_125__common_14__scale125,core,FD002,137,cnn_1d,11,piecewise_125,common_14,raw,equal_engine_windows,53.3387496063426,12920.353170475832,259
core__fd002__s137__cnn_1d__i11__piecewise_125__common_14__scale125,core,FD002,137,cnn_1d,11,piecewise_125,common_14,raw,pooled_windows,56.35680535299904,37264.15738175531,259
core__fd002__s137__cnn_1d__i23__piecewise_125__common_14__scale125,core,FD002,137,cnn_1d,23,piecewise_125,common_14,capped125,endpoint,22.041342059197543,20.48855959206946,259
core__fd002__s137__cnn_1d__i23__piecewise_125__common_14__scale125,core,FD002,137,cnn_1d,23,piecewise_125,common_14,capped125,equal_engine_windows,22.075652958295517,18.713914609113612,259
core__fd002__s137__cnn_1d__i23__piecewise_125__common_14__scale125,core,FD002,137,cnn_1d,23,piecewise_125,common_14,capped125,pooled_windows,22.26818940154303,19.371699692991637,259
core__fd002__s137__cnn_1d__i23__piecewise_125__common_14__scale125,core,FD002,137,cnn_1d,23,piecewise_125,common_14,raw,endpoint,32.67591734698663,102.79462583440976,259
core__fd002__s137__cnn_1d__i23__piecewise_125__common_14__scale125,core,FD002,137,cnn_1d,23,piecewise_125,common_14,raw,equal_engine_windows,52.33038110626522,13200.092255982438,259
core__fd002__s137__cnn_1d__i23__piecewise_125__common_14__scale125,core,FD002,137,cnn_1d,23,piecewise_125,common_14,raw,pooled_windows,55.3970565807874,39031.56472321715,259
core__fd002__s137__lightgbm__i11__piecewise_125__common_14__scale125,core,FD002,137,lightgbm,11,piecewise_125,common_14,capped125,endpoint,16.241525580113965,4.513719147554409,259
core__fd002__s137__lightgbm__i11__piecewise_125__common_14__scale125,core,FD002,137,lightgbm,11,piecewise_125,common_14,capped125,equal_engine_windows,18.284311778138346,5.980187383270749,259
core__fd002__s137__lightgbm__i11__piecewise_125__common_14__scale125,core,FD002,137,lightgbm,11,piecewise_125,common_14,capped125,pooled_windows,18.605466101735892,6.276683008320591,259
core__fd002__s137__lightgbm__i11__piecewise_125__common_14__scale125,core,FD002,137,lightgbm,11,piecewise_125,common_14,raw,endpoint,29.457289349173802,63.692094224565444,259
core__fd002__s137__lightgbm__i11__piecewise_125__common_14__scale125,core,FD002,137,lightgbm,11,piecewise_125,common_14,raw,equal_engine_windows,51.88699847128407,12856.79273681186,259
core__fd002__s137__lightgbm__i11__piecewise_125__common_14__scale125,core,FD002,137,lightgbm,11,piecewise_125,common_14,raw,pooled_windows,55.07284477132866,36175.39724217468,259
core__fd002__s137__lstm__i11__piecewise_125__common_14__scale125,core,FD002,137,lstm,11,piecewise_125,common_14,capped125,endpoint,16.02531121446763,5.071246686656186,259
core__fd002__s137__lstm__i11__piecewise_125__common_14__scale125,core,FD002,137,lstm,11,piecewise_125,common_14,capped125,equal_engine_windows,17.9656405819459,6.489811971132727,259
core__fd002__s137__lstm__i11__piecewise_125__common_14__scale125,core,FD002,137,lstm,11,piecewise_125,common_14,capped125,pooled_windows,18.132777655212063,6.6294896949878535,259
core__fd002__s137__lstm__i11__piecewise_125__common_14__scale125,core,FD002,137,lstm,11,piecewise_125,common_14,raw,endpoint,28.34891621751737,49.78662637717811,259
core__fd002__s137__lstm__i11__piecewise_125__common_14__scale125,core,FD002,137,lstm,11,piecewise_125,common_14,raw,equal_engine_windows,50.39403281526663,11049.630552405182,259
core__fd002__s137__lstm__i11__piecewise_125__common_14__scale125,core,FD002,137,lstm,11,piecewise_125,common_14,raw,pooled_windows,53.69644962583359,30318.871350284997,259
core__fd002__s137__lstm__i23__piecewise_125__common_14__scale125,core,FD002,137,lstm,23,piecewise_125,common_14,capped125,endpoint,15.898405830683956,5.115548439603628,259
core__fd002__s137__lstm__i23__piecewise_125__common_14__scale125,core,FD002,137,lstm,23,piecewise_125,common_14,capped125,equal_engine_windows,17.717732242221953,6.493836876119437,259
core__fd002__s137__lstm__i23__piecewise_125__common_14__scale125,core,FD002,137,lstm,23,piecewise_125,common_14,capped125,pooled_windows,18.284188498167797,6.792689311682571,259
core__fd002__s137__lstm__i23__piecewise_125__common_14__scale125,core,FD002,137,lstm,23,piecewise_125,common_14,raw,endpoint,28.29135395656592,43.86154804651307,259
core__fd002__s137__lstm__i23__piecewise_125__common_14__scale125,core,FD002,137,lstm,23,piecewise_125,common_14,raw,equal_engine_windows,50.41482900198689,13939.067198711411,259
core__fd002__s137__lstm__i23__piecewise_125__common_14__scale125,core,FD002,137,lstm,23,piecewise_125,common_14,raw,pooled_windows,54.0244084202807,39768.4823845215,259
core__fd002__s271__cnn_1d__i11__piecewise_125__common_14__scale125,core,FD002,271,cnn_1d,11,piecewise_125,common_14,capped125,endpoint,22.611835140104127,15.623297613635902,259
core__fd002__s271__cnn_1d__i11__piecewise_125__common_14__scale125,core,FD002,271,cnn_1d,11,piecewise_125,common_14,capped125,equal_engine_windows,23.559895891376012,16.152277633063676,259
core__fd002__s271__cnn_1d__i11__piecewise_125__common_14__scale125,core,FD002,271,cnn_1d,11,piecewise_125,common_14,capped125,pooled_windows,23.851698784134047,16.68346243460562,259
core__fd002__s271__cnn_1d__i11__piecewise_125__common_14__scale125,core,FD002,271,cnn_1d,11,piecewise_125,common_14,raw,endpoint,33.846440785794286,128.7200902172628,259
core__fd002__s271__cnn_1d__i11__piecewise_125__common_14__scale125,core,FD002,271,cnn_1d,11,piecewise_125,common_14,raw,equal_engine_windows,55.06431895481918,17239.536913933567,259
core__fd002__s271__cnn_1d__i11__piecewise_125__common_14__scale125,core,FD002,271,cnn_1d,11,piecewise_125,common_14,raw,pooled_windows,58.082743322913906,49965.65432609481,259
core__fd002__s271__cnn_1d__i23__piecewise_125__common_14__scale125,core,FD002,271,cnn_1d,23,piecewise_125,common_14,capped125,endpoint,22.171409403544082,16.96704332309593,259
core__fd002__s271__cnn_1d__i23__piecewise_125__common_14__scale125,core,FD002,271,cnn_1d,23,piecewise_125,common_14,capped125,equal_engine_windows,23.399745833122285,13.646106036970494,259
core__fd002__s271__cnn_1d__i23__piecewise_125__common_14__scale125,core,FD002,271,cnn_1d,23,piecewise_125,common_14,capped125,pooled_windows,23.66512568512495,14.128640484201469,259
core__fd002__s271__cnn_1d__i23__piecewise_125__common_14__scale125,core,FD002,271,cnn_1d,23,piecewise_125,common_14,raw,endpoint,33.4711079932426,115.26099209131488,259
core__fd002__s271__cnn_1d__i23__piecewise_125__common_14__scale125,core,FD002,271,cnn_1d,23,piecewise_125,common_14,raw,equal_engine_windows,54.589450482428575,18216.847349581705,259
core__fd002__s271__cnn_1d__i23__piecewise_125__common_14__scale125,core,FD002,271,cnn_1d,23,piecewise_125,common_14,raw,pooled_windows,57.628201021235775,54237.743635213505,259
core__fd002__s271__lightgbm__i11__piecewise_125__common_14__scale125,core,FD002,271,lightgbm,11,piecewise_125,common_14,capped125,endpoint,16.005326685299977,4.414915866724312,259
core__fd002__s271__lightgbm__i11__piecewise_125__common_14__scale125,core,FD002,271,lightgbm,11,piecewise_125,common_14,capped125,equal_engine_windows,17.823841740919573,6.151060100016077,259
core__fd002__s271__lightgbm__i11__piecewise_125__common_14__scale125,core,FD002,271,lightgbm,11,piecewise_125,common_14,capped125,pooled_windows,18.275479631585387,6.50670943455501,259
core__fd002__s271__lightgbm__i11__piecewise_125__common_14__scale125,core,FD002,271,lightgbm,11,piecewise_125,common_14,raw,endpoint,28.897062746534722,53.61461244810651,259
core__fd002__s271__lightgbm__i11__piecewise_125__common_14__scale125,core,FD002,271,lightgbm,11,piecewise_125,common_14,raw,equal_engine_windows,51.361505829643455,14287.025900665018,259
core__fd002__s271__lightgbm__i11__piecewise_125__common_14__scale125,core,FD002,271,lightgbm,11,piecewise_125,common_14,raw,pooled_windows,54.75396359537627,40927.498188459474,259
core__fd002__s271__lstm__i11__piecewise_125__common_14__scale125,core,FD002,271,lstm,11,piecewise_125,common_14,capped125,endpoint,16.948717541522154,6.187604955487811,259
core__fd002__s271__lstm__i11__piecewise_125__common_14__scale125,core,FD002,271,lstm,11,piecewise_125,common_14,capped125,equal_engine_windows,18.686991123479718,7.0683102273015,259
core__fd002__s271__lstm__i11__piecewise_125__common_14__scale125,core,FD002,271,lstm,11,piecewise_125,common_14,capped125,pooled_windows,19.23293137558424,7.543828795664036,259
core__fd002__s271__lstm__i11__piecewise_125__common_14__scale125,core,FD002,271,lstm,11,piecewise_125,common_14,raw,endpoint,28.93597170209688,50.87288617642685,259
core__fd002__s271__lstm__i11__piecewise_125__common_14__scale125,core,FD002,271,lstm,11,piecewise_125,common_14,raw,equal_engine_windows,51.18271228706043,22105.189070778535,259
core__fd002__s271__lstm__i11__piecewise_125__common_14__scale125,core,FD002,271,lstm,11,piecewise_125,common_14,raw,pooled_windows,54.735900106059816,66118.3107951688,259
core__fd002__s271__lstm__i23__piecewise_125__common_14__scale125,core,FD002,271,lstm,23,piecewise_125,common_14,capped125,endpoint,16.911781445361814,6.131448208092849,259
core__fd002__s271__lstm__i23__piecewise_125__common_14__scale125,core,FD002,271,lstm,23,piecewise_125,common_14,capped125,equal_engine_windows,19.304697626387675,7.444066408192127,259
core__fd002__s271__lstm__i23__piecewise_125__common_14__scale125,core,FD002,271,lstm,23,piecewise_125,common_14,capped125,pooled_windows,19.65151515995362,7.8691464309053,259
core__fd002__s271__lstm__i23__piecewise_125__common_14__scale125,core,FD002,271,lstm,23,piecewise_125,common_14,raw,endpoint,29.01358272753764,45.36737059863248,259
core__fd002__s271__lstm__i23__piecewise_125__common_14__scale125,core,FD002,271,lstm,23,piecewise_125,common_14,raw,equal_engine_windows,51.48024621648916,13664.320616259572,259
core__fd002__s271__lstm__i23__piecewise_125__common_14__scale125,core,FD002,271,lstm,23,piecewise_125,common_14,raw,pooled_windows,54.864858963168764,38593.09695996696,259
core__fd002__s42__cnn_1d__i11__piecewise_125__common_14__scale125,core,FD002,42,cnn_1d,11,piecewise_125,common_14,capped125,endpoint,22.554285305946852,19.590476215178253,259
core__fd002__s42__cnn_1d__i11__piecewise_125__common_14__scale125,core,FD002,42,cnn_1d,11,piecewise_125,common_14,capped125,equal_engine_windows,23.858766194747393,17.44240397246834,259
core__fd002__s42__cnn_1d__i11__piecewise_125__common_14__scale125,core,FD002,42,cnn_1d,11,piecewise_125,common_14,capped125,pooled_windows,23.88062952895225,17.997410385552268,259
core__fd002__s42__cnn_1d__i11__piecewise_125__common_14__scale125,core,FD002,42,cnn_1d,11,piecewise_125,common_14,raw,endpoint,34.06867778468411,143.39735788819794,259
core__fd002__s42__cnn_1d__i11__piecewise_125__common_14__scale125,core,FD002,42,cnn_1d,11,piecewise_125,common_14,raw,equal_engine_windows,55.34735295094284,17571.023866235828,259
core__fd002__s42__cnn_1d__i11__piecewise_125__common_14__scale125,core,FD002,42,cnn_1d,11,piecewise_125,common_14,raw,pooled_windows,58.13453392124548,50790.55302169445,259
core__fd002__s42__cnn_1d__i23__piecewise_125__common_14__scale125,core,FD002,42,cnn_1d,23,piecewise_125,common_14,capped125,endpoint,22.408898588693077,16.914107405403254,259
core__fd002__s42__cnn_1d__i23__piecewise_125__common_14__scale125,core,FD002,42,cnn_1d,23,piecewise_125,common_14,capped125,equal_engine_windows,23.63828905694428,18.547224741203646,259
core__fd002__s42__cnn_1d__i23__piecewise_125__common_14__scale125,core,FD002,42,cnn_1d,23,piecewise_125,common_14,capped125,pooled_windows,23.656868803235252,19.018309063122942,259
core__fd002__s42__cnn_1d__i23__piecewise_125__common_14__scale125,core,FD002,42,cnn_1d,23,piecewise_125,common_14,raw,endpoint,33.76167537596771,144.83040583118967,259
core__fd002__s42__cnn_1d__i23__piecewise_125__common_14__scale125,core,FD002,42,cnn_1d,23,piecewise_125,common_14,raw,equal_engine_windows,54.84248610880876,11930.307614877516,259
core__fd002__s42__cnn_1d__i23__piecewise_125__common_14__scale125,core,FD002,42,cnn_1d,23,piecewise_125,common_14,raw,pooled_windows,57.61335096647931,33388.89254545785,259
core__fd002__s42__lightgbm__i11__piecewise_125__common_14__scale125,core,FD002,42,lightgbm,11,piecewise_125,common_14,capped125,endpoint,16.418150993572713,4.535385514160329,259
core__fd002__s42__lightgbm__i11__piecewise_125__common_14__scale125,core,FD002,42,lightgbm,11,piecewise_125,common_14,capped125,equal_engine_windows,18.538020247714613,5.95586528562238,259
core__fd002__s42__lightgbm__i11__piecewise_125__common_14__scale125,core,FD002,42,lightgbm,11,piecewise_125,common_14,capped125,pooled_windows,18.805325345328196,6.213120995102636,259
core__fd002__s42__lightgbm__i11__piecewise_125__common_14__scale125,core,FD002,42,lightgbm,11,piecewise_125,common_14,raw,endpoint,29.41458676213714,49.342726552105994,259
core__fd002__s42__lightgbm__i11__piecewise_125__common_14__scale125,core,FD002,42,lightgbm,11,piecewise_125,common_14,raw,equal_engine_windows,52.26328265930751,12134.75925841099,259
core__fd002__s42__lightgbm__i11__piecewise_125__common_14__scale125,core,FD002,42,lightgbm,11,piecewise_125,common_14,raw,pooled_windows,55.441021920587175,32869.02417226877,259
core__fd002__s42__lstm__i11__piecewise_125__common_14__scale125,core,FD002,42,lstm,11,piecewise_125,common_14,capped125,endpoint,16.576607283585812,5.494431689683349,259
core__fd002__s42__lstm__i11__piecewise_125__common_14__scale125,core,FD002,42,lstm,11,piecewise_125,common_14,capped125,equal_engine_windows,18.307671719533097,6.469208953097951,259
core__fd002__s42__lstm__i11__piecewise_125__common_14__scale125,core,FD002,42,lstm,11,piecewise_125,common_14,capped125,pooled_windows,18.735179575726384,6.788686096122596,259
core__fd002__s42__lstm__i11__piecewise_125__common_14__scale125,core,FD002,42,lstm,11,piecewise_125,common_14,raw,endpoint,28.82724623725603,56.57399885028049,259
core__fd002__s42__lstm__i11__piecewise_125__common_14__scale125,core,FD002,42,lstm,11,piecewise_125,common_14,raw,equal_engine_windows,50.8596318417571,12931.08284853627,259
core__fd002__s42__lstm__i11__piecewise_125__common_14__scale125,core,FD002,42,lstm,11,piecewise_125,common_14,raw,pooled_windows,54.27274000738035,35839.06941857117,259
core__fd002__s42__lstm__i23__piecewise_125__common_14__scale125,core,FD002,42,lstm,23,piecewise_125,common_14,capped125,endpoint,16.64349982133043,6.042127328023675,259
core__fd002__s42__lstm__i23__piecewise_125__common_14__scale125,core,FD002,42,lstm,23,piecewise_125,common_14,capped125,equal_engine_windows,18.378461411407926,6.99738191679405,259
core__fd002__s42__lstm__i23__piecewise_125__common_14__scale125,core,FD002,42,lstm,23,piecewise_125,common_14,capped125,pooled_windows,18.782629844487435,7.360518698678807,259
core__fd002__s42__lstm__i23__piecewise_125__common_14__scale125,core,FD002,42,lstm,23,piecewise_125,common_14,raw,endpoint,28.7556208027696,49.527490200580345,259
core__fd002__s42__lstm__i23__piecewise_125__common_14__scale125,core,FD002,42,lstm,23,piecewise_125,common_14,raw,equal_engine_windows,50.7269542955307,13254.842627283278,259
core__fd002__s42__lstm__i23__piecewise_125__common_14__scale125,core,FD002,42,lstm,23,piecewise_125,common_14,raw,pooled_windows,54.18853624938678,37636.21113110093,259
core__fd003__s137__cnn_1d__i11__piecewise_125__common_14__scale125,core,FD003,137,cnn_1d,11,piecewise_125,common_14,capped125,endpoint,23.076606582126118,32.35062428796826,100
core__fd003__s137__cnn_1d__i11__piecewise_125__common_14__scale125,core,FD003,137,cnn_1d,11,piecewise_125,common_14,capped125,equal_engine_windows,17.562775751532175,22.778573669691873,100
core__fd003__s137__cnn_1d__i11__piecewise_125__common_14__scale125,core,FD003,137,cnn_1d,11,piecewise_125,common_14,capped125,pooled_windows,17.149235026631086,18.925084657150855,100
core__fd003__s137__cnn_1d__i11__piecewise_125__common_14__scale125,core,FD003,137,cnn_1d,11,piecewise_125,common_14,raw,endpoint,23.95969688926001,32.76033873750157,100
core__fd003__s137__cnn_1d__i11__piecewise_125__common_14__scale125,core,FD003,137,cnn_1d,11,piecewise_125,common_14,raw,equal_engine_windows,63.89389005647635,112255867.94947167,100
core__fd003__s137__cnn_1d__i11__piecewise_125__common_14__scale125,core,FD003,137,cnn_1d,11,piecewise_125,common_14,raw,pooled_windows,85.56630338521104,311961703.6958492,100
core__fd003__s137__cnn_1d__i23__piecewise_125__common_14__scale125,core,FD003,137,cnn_1d,23,piecewise_125,common_14,capped125,endpoint,22.702728019097073,34.06408781706836,100
core__fd003__s137__cnn_1d__i23__piecewise_125__common_14__scale125,core,FD003,137,cnn_1d,23,piecewise_125,common_14,capped125,equal_engine_windows,18.071395453081653,19.331838997057293,100
core__fd003__s137__cnn_1d__i23__piecewise_125__common_14__scale125,core,FD003,137,cnn_1d,23,piecewise_125,common_14,capped125,pooled_windows,17.634250964665682,16.251595977574308,100
core__fd003__s137__cnn_1d__i23__piecewise_125__common_14__scale125,core,FD003,137,cnn_1d,23,piecewise_125,common_14,raw,endpoint,23.68020434400166,34.56595258328162,100
core__fd003__s137__cnn_1d__i23__piecewise_125__common_14__scale125,core,FD003,137,cnn_1d,23,piecewise_125,common_14,raw,equal_engine_windows,64.11011549768268,119887355.28242724,100
core__fd003__s137__cnn_1d__i23__piecewise_125__common_14__scale125,core,FD003,137,cnn_1d,23,piecewise_125,common_14,raw,pooled_windows,85.48483986904807,325359645.6594148,100
core__fd003__s137__lightgbm__i11__piecewise_125__common_14__scale125,core,FD003,137,lightgbm,11,piecewise_125,common_14,capped125,endpoint,14.873200112774791,6.852554026600395,100
core__fd003__s137__lightgbm__i11__piecewise_125__common_14__scale125,core,FD003,137,lightgbm,11,piecewise_125,common_14,capped125,equal_engine_windows,13.749113649248368,4.9644409910135945,100
core__fd003__s137__lightgbm__i11__piecewise_125__common_14__scale125,core,FD003,137,lightgbm,11,piecewise_125,common_14,capped125,pooled_windows,12.83048330756779,3.9972286469091616,100
core__fd003__s137__lightgbm__i11__piecewise_125__common_14__scale125,core,FD003,137,lightgbm,11,piecewise_125,common_14,raw,endpoint,16.23038479911782,7.261511655998347,100
core__fd003__s137__lightgbm__i11__piecewise_125__common_14__scale125,core,FD003,137,lightgbm,11,piecewise_125,common_14,raw,equal_engine_windows,62.74217641978224,92761580.89353785,100
core__fd003__s137__lightgbm__i11__piecewise_125__common_14__scale125,core,FD003,137,lightgbm,11,piecewise_125,common_14,raw,pooled_windows,84.31213367122312,263584119.60911238,100
core__fd003__s137__lstm__i11__piecewise_125__common_14__scale125,core,FD003,137,lstm,11,piecewise_125,common_14,capped125,endpoint,13.57605482072547,4.423163213241256,100
core__fd003__s137__lstm__i11__piecewise_125__common_14__scale125,core,FD003,137,lstm,11,piecewise_125,common_14,capped125,equal_engine_windows,13.136373696273445,4.7810484302274885,100
core__fd003__s137__lstm__i11__piecewise_125__common_14__scale125,core,FD003,137,lstm,11,piecewise_125,common_14,capped125,pooled_windows,12.016339997612697,3.710147404643976,100
core__fd003__s137__lstm__i11__piecewise_125__common_14__scale125,core,FD003,137,lstm,11,piecewise_125,common_14,raw,endpoint,14.876240632707383,4.752485500145102,100
core__fd003__s137__lstm__i11__piecewise_125__common_14__scale125,core,FD003,137,lstm,11,piecewise_125,common_14,raw,equal_engine_windows,61.943861992898526,78688229.46997647,100
core__fd003__s137__lstm__i11__piecewise_125__common_14__scale125,core,FD003,137,lstm,11,piecewise_125,common_14,raw,pooled_windows,83.39342130342654,224074026.54953167,100
core__fd003__s137__lstm__i23__piecewise_125__common_14__scale125,core,FD003,137,lstm,23,piecewise_125,common_14,capped125,endpoint,13.809824895272246,4.783877078019013,100
core__fd003__s137__lstm__i23__piecewise_125__common_14__scale125,core,FD003,137,lstm,23,piecewise_125,common_14,capped125,equal_engine_windows,13.071820173871359,5.223998902665394,100
core__fd003__s137__lstm__i23__piecewise_125__common_14__scale125,core,FD003,137,lstm,23,piecewise_125,common_14,capped125,pooled_windows,11.954843772415298,3.9903764872311713,100
core__fd003__s137__lstm__i23__piecewise_125__common_14__scale125,core,FD003,137,lstm,23,piecewise_125,common_14,raw,endpoint,15.022904064864884,5.0974862644400165,100
core__fd003__s137__lstm__i23__piecewise_125__common_14__scale125,core,FD003,137,lstm,23,piecewise_125,common_14,raw,equal_engine_windows,61.907010959026294,74408682.03893937,100
core__fd003__s137__lstm__i23__piecewise_125__common_14__scale125,core,FD003,137,lstm,23,piecewise_125,common_14,raw,pooled_windows,83.36218382625295,210563603.01613492,100
core__fd003__s271__cnn_1d__i11__piecewise_125__common_14__scale125,core,FD003,271,cnn_1d,11,piecewise_125,common_14,capped125,endpoint,22.972236731345923,30.03669746100819,100
core__fd003__s271__cnn_1d__i11__piecewise_125__common_14__scale125,core,FD003,271,cnn_1d,11,piecewise_125,common_14,capped125,equal_engine_windows,17.463469323470385,19.24048000135472,100
core__fd003__s271__cnn_1d__i11__piecewise_125__common_14__scale125,core,FD003,271,cnn_1d,11,piecewise_125,common_14,capped125,pooled_windows,17.024617147556388,16.393954552004228,100
core__fd003__s271__cnn_1d__i11__piecewise_125__common_14__scale125,core,FD003,271,cnn_1d,11,piecewise_125,common_14,raw,endpoint,23.95742016360685,30.485217969455334,100
core__fd003__s271__cnn_1d__i11__piecewise_125__common_14__scale125,core,FD003,271,cnn_1d,11,piecewise_125,common_14,raw,equal_engine_windows,64.45668816123377,122057223.48590185,100
core__fd003__s271__cnn_1d__i11__piecewise_125__common_14__scale125,core,FD003,271,cnn_1d,11,piecewise_125,common_14,raw,pooled_windows,86.13345549700225,345325691.7476468,100
core__fd003__s271__cnn_1d__i23__piecewise_125__common_14__scale125,core,FD003,271,cnn_1d,23,piecewise_125,common_14,capped125,endpoint,17.2639318661715,8.355964111976752,100
core__fd003__s271__cnn_1d__i23__piecewise_125__common_14__scale125,core,FD003,271,cnn_1d,23,piecewise_125,common_14,capped125,equal_engine_windows,14.70674669788031,6.342750335626053,100
core__fd003__s271__cnn_1d__i23__piecewise_125__common_14__scale125,core,FD003,271,cnn_1d,23,piecewise_125,common_14,capped125,pooled_windows,13.63380135870939,5.095480047528256,100
core__fd003__s271__cnn_1d__i23__piecewise_125__common_14__scale125,core,FD003,271,cnn_1d,23,piecewise_125,common_14,raw,endpoint,18.34079983576886,8.730840166766292,100
core__fd003__s271__cnn_1d__i23__piecewise_125__common_14__scale125,core,FD003,271,cnn_1d,23,piecewise_125,common_14,raw,equal_engine_windows,62.148061591370386,88235219.73351957,100
core__fd003__s271__cnn_1d__i23__piecewise_125__common_14__scale125,core,FD003,271,cnn_1d,23,piecewise_125,common_14,raw,pooled_windows,83.66006594180467,251731931.67879352,100
core__fd003__s271__lightgbm__i11__piecewise_125__common_14__scale125,core,FD003,271,lightgbm,11,piecewise_125,common_14,capped125,endpoint,14.110190656679363,8.083161043051359,100
core__fd003__s271__lightgbm__i11__piecewise_125__common_14__scale125,core,FD003,271,lightgbm,11,piecewise_125,common_14,capped125,equal_engine_windows,13.357107556323747,4.419074628216601,100
core__fd003__s271__lightgbm__i11__piecewise_125__common_14__scale125,core,FD003,271,lightgbm,11,piecewise_125,common_14,capped125,pooled_windows,12.169283515281384,3.4742198974002676,100
core__fd003__s271__lightgbm__i11__piecewise_125__common_14__scale125,core,FD003,271,lightgbm,11,piecewise_125,common_14,raw,endpoint,15.588991286592735,8.492138947527803,100
core__fd003__s271__lightgbm__i11__piecewise_125__common_14__scale125,core,FD003,271,lightgbm,11,piecewise_125,common_14,raw,equal_engine_windows,62.949499645518586,93307699.98873308,100
core__fd003__s271__lightgbm__i11__piecewise_125__common_14__scale125,core,FD003,271,lightgbm,11,piecewise_125,common_14,raw,pooled_windows,84.36466747650992,264678526.96629477,100
core__fd003__s271__lstm__i11__piecewise_125__common_14__scale125,core,FD003,271,lstm,11,piecewise_125,common_14,capped125,endpoint,16.16016563774179,8.281582527998747,100
core__fd003__s271__lstm__i11__piecewise_125__common_14__scale125,core,FD003,271,lstm,11,piecewise_125,common_14,capped125,equal_engine_windows,14.188412077818542,6.41327823535024,100
core__fd003__s271__lstm__i11__piecewise_125__common_14__scale125,core,FD003,271,lstm,11,piecewise_125,common_14,capped125,pooled_windows,13.155048876091774,5.192528700098384,100
core__fd003__s271__lstm__i11__piecewise_125__common_14__scale125,core,FD003,271,lstm,11,piecewise_125,common_14,raw,endpoint,17.45885444920725,8.684554566487426,100
core__fd003__s271__lstm__i11__piecewise_125__common_14__scale125,core,FD003,271,lstm,11,piecewise_125,common_14,raw,equal_engine_windows,62.75401224985663,98299592.95288074,100
core__fd003__s271__lstm__i11__piecewise_125__common_14__scale125,core,FD003,271,lstm,11,piecewise_125,common_14,raw,pooled_windows,84.37282546244126,280415753.79229075,100
core__fd003__s271__lstm__i23__piecewise_125__common_14__scale125,core,FD003,271,lstm,23,piecewise_125,common_14,capped125,endpoint,13.620950730849236,3.5713940781086575,100
core__fd003__s271__lstm__i23__piecewise_125__common_14__scale125,core,FD003,271,lstm,23,piecewise_125,common_14,capped125,equal_engine_windows,12.796990930412248,3.960284156749968,100
core__fd003__s271__lstm__i23__piecewise_125__common_14__scale125,core,FD003,271,lstm,23,piecewise_125,common_14,capped125,pooled_windows,11.866824221079476,3.0709659936475133,100
core__fd003__s271__lstm__i23__piecewise_125__common_14__scale125,core,FD003,271,lstm,23,piecewise_125,common_14,raw,endpoint,15.134712516675139,3.996261111908593,100
core__fd003__s271__lstm__i23__piecewise_125__common_14__scale125,core,FD003,271,lstm,23,piecewise_125,common_14,raw,equal_engine_windows,62.597435551865246,90983324.10549115,100
core__fd003__s271__lstm__i23__piecewise_125__common_14__scale125,core,FD003,271,lstm,23,piecewise_125,common_14,raw,pooled_windows,84.2391969446853,260911771.31250548,100
core__fd003__s42__cnn_1d__i11__piecewise_125__common_14__scale125,core,FD003,42,cnn_1d,11,piecewise_125,common_14,capped125,endpoint,21.001356037937676,18.00841086284942,100
core__fd003__s42__cnn_1d__i11__piecewise_125__common_14__scale125,core,FD003,42,cnn_1d,11,piecewise_125,common_14,capped125,equal_engine_windows,17.560784271593292,12.974459873681434,100
core__fd003__s42__cnn_1d__i11__piecewise_125__common_14__scale125,core,FD003,42,cnn_1d,11,piecewise_125,common_14,capped125,pooled_windows,17.539481214267735,11.351099610958327,100
core__fd003__s42__cnn_1d__i11__piecewise_125__common_14__scale125,core,FD003,42,cnn_1d,11,piecewise_125,common_14,raw,endpoint,22.250678343382738,18.566783004405874,100
core__fd003__s42__cnn_1d__i11__piecewise_125__common_14__scale125,core,FD003,42,cnn_1d,11,piecewise_125,common_14,raw,equal_engine_windows,66.32562486102128,182017318.61272132,100
core__fd003__s42__cnn_1d__i11__piecewise_125__common_14__scale125,core,FD003,42,cnn_1d,11,piecewise_125,common_14,raw,pooled_windows,88.50075925552589,504560735.0953314,100
core__fd003__s42__cnn_1d__i23__piecewise_125__common_14__scale125,core,FD003,42,cnn_1d,23,piecewise_125,common_14,capped125,endpoint,21.516001820299635,21.964517336143057,100
core__fd003__s42__cnn_1d__i23__piecewise_125__common_14__scale125,core,FD003,42,cnn_1d,23,piecewise_125,common_14,capped125,equal_engine_windows,17.668697949419606,14.120556710744534,100
core__fd003__s42__cnn_1d__i23__piecewise_125__common_14__scale125,core,FD003,42,cnn_1d,23,piecewise_125,common_14,capped125,pooled_windows,17.502444425649923,12.24987458018118,100
core__fd003__s42__cnn_1d__i23__piecewise_125__common_14__scale125,core,FD003,42,cnn_1d,23,piecewise_125,common_14,raw,endpoint,22.706653349194433,22.51539852628252,100
core__fd003__s42__cnn_1d__i23__piecewise_125__common_14__scale125,core,FD003,42,cnn_1d,23,piecewise_125,common_14,raw,equal_engine_windows,65.6167184072193,153093559.68187156,100
core__fd003__s42__cnn_1d__i23__piecewise_125__common_14__scale125,core,FD003,42,cnn_1d,23,piecewise_125,common_14,raw,pooled_windows,87.46671873751784,421819876.5590494,100
core__fd003__s42__lightgbm__i11__piecewise_125__common_14__scale125,core,FD003,42,lightgbm,11,piecewise_125,common_14,capped125,endpoint,14.712650827926655,5.554311266202164,100
core__fd003__s42__lightgbm__i11__piecewise_125__common_14__scale125,core,FD003,42,lightgbm,11,piecewise_125,common_14,capped125,equal_engine_windows,13.33262783357533,4.446896135565286,100
core__fd003__s42__lightgbm__i11__piecewise_125__common_14__scale125,core,FD003,42,lightgbm,11,piecewise_125,common_14,capped125,pooled_windows,12.288045013454578,3.522060232923782,100
core__fd003__s42__lightgbm__i11__piecewise_125__common_14__scale125,core,FD003,42,lightgbm,11,piecewise_125,common_14,raw,endpoint,15.93854222850019,5.898296819513981,100
core__fd003__s42__lightgbm__i11__piecewise_125__common_14__scale125,core,FD003,42,lightgbm,11,piecewise_125,common_14,raw,equal_engine_windows,62.82449231523373,96183242.32450415,100
core__fd003__s42__lightgbm__i11__piecewise_125__common_14__scale125,core,FD003,42,lightgbm,11,piecewise_125,common_14,raw,pooled_windows,84.33253981997929,271388331.84291226,100
core__fd003__s42__lstm__i11__piecewise_125__common_14__scale125,core,FD003,42,lstm,11,piecewise_125,common_14,capped125,endpoint,12.562045750943415,2.9936520326531615,100
core__fd003__s42__lstm__i11__piecewise_125__common_14__scale125,core,FD003,42,lstm,11,piecewise_125,common_14,capped125,equal_engine_windows,12.887026503272795,3.5686080062287333,100
core__fd003__s42__lstm__i11__piecewise_125__common_14__scale125,core,FD003,42,lstm,11,piecewise_125,common_14,capped125,pooled_windows,11.917212521876284,2.847740317155983,100
core__fd003__s42__lstm__i11__piecewise_125__common_14__scale125,core,FD003,42,lstm,11,piecewise_125,common_14,raw,endpoint,14.198349495767573,3.3959449546317084,100
core__fd003__s42__lstm__i11__piecewise_125__common_14__scale125,core,FD003,42,lstm,11,piecewise_125,common_14,raw,equal_engine_windows,62.77850213983937,90805573.21414731,100
core__fd003__s42__lstm__i11__piecewise_125__common_14__scale125,core,FD003,42,lstm,11,piecewise_125,common_14,raw,pooled_windows,84.34829016078821,259337917.3160001,100
core__fd003__s42__lstm__i23__piecewise_125__common_14__scale125,core,FD003,42,lstm,23,piecewise_125,common_14,capped125,endpoint,14.739994519682332,6.1546954122059425,100
core__fd003__s42__lstm__i23__piecewise_125__common_14__scale125,core,FD003,42,lstm,23,piecewise_125,common_14,capped125,equal_engine_windows,13.912929146498218,4.651927995699813,100
core__fd003__s42__lstm__i23__piecewise_125__common_14__scale125,core,FD003,42,lstm,23,piecewise_125,common_14,capped125,pooled_windows,13.060948409871447,3.7756441896283532,100
core__fd003__s42__lstm__i23__piecewise_125__common_14__scale125,core,FD003,42,lstm,23,piecewise_125,common_14,raw,endpoint,16.273628722451466,6.617065029317782,100
core__fd003__s42__lstm__i23__piecewise_125__common_14__scale125,core,FD003,42,lstm,23,piecewise_125,common_14,raw,equal_engine_windows,63.20125505416854,97103022.61973377,100
core__fd003__s42__lstm__i23__piecewise_125__common_14__scale125,core,FD003,42,lstm,23,piecewise_125,common_14,raw,pooled_windows,84.85406924933721,276412166.04488236,100
core__fd004__s137__cnn_1d__i11__piecewise_125__common_14__scale125,core,FD004,137,cnn_1d,11,piecewise_125,common_14,capped125,endpoint,28.531763214497023,52.79476314634948,248
core__fd004__s137__cnn_1d__i11__piecewise_125__common_14__scale125,core,FD004,137,cnn_1d,11,piecewise_125,common_14,capped125,equal_engine_windows,21.046259873618165,23.12620003473194,248
core__fd004__s137__cnn_1d__i11__piecewise_125__common_14__scale125,core,FD004,137,cnn_1d,11,piecewise_125,common_14,capped125,pooled_windows,20.699247133983754,25.65032677892742,248
core__fd004__s137__cnn_1d__i11__piecewise_125__common_14__scale125,core,FD004,137,cnn_1d,11,piecewise_125,common_14,raw,endpoint,37.835217661897914,81.1210463588026,248
core__fd004__s137__cnn_1d__i11__piecewise_125__common_14__scale125,core,FD004,137,cnn_1d,11,piecewise_125,common_14,raw,equal_engine_windows,81.06259210222616,5367042618.134624,248
core__fd004__s137__cnn_1d__i11__piecewise_125__common_14__scale125,core,FD004,137,cnn_1d,11,piecewise_125,common_14,raw,pooled_windows,102.45771015911097,13922961866.15519,248
core__fd004__s137__cnn_1d__i23__piecewise_125__common_14__scale125,core,FD004,137,cnn_1d,23,piecewise_125,common_14,capped125,endpoint,26.996732048186125,49.62462154547585,248
core__fd004__s137__cnn_1d__i23__piecewise_125__common_14__scale125,core,FD004,137,cnn_1d,23,piecewise_125,common_14,capped125,equal_engine_windows,20.637516615734484,28.288913404649975,248
core__fd004__s137__cnn_1d__i23__piecewise_125__common_14__scale125,core,FD004,137,cnn_1d,23,piecewise_125,common_14,capped125,pooled_windows,20.360377902654292,31.149719547347594,248
core__fd004__s137__cnn_1d__i23__piecewise_125__common_14__scale125,core,FD004,137,cnn_1d,23,piecewise_125,common_14,raw,endpoint,35.93158357095936,75.05405035049023,248
core__fd004__s137__cnn_1d__i23__piecewise_125__common_14__scale125,core,FD004,137,cnn_1d,23,piecewise_125,common_14,raw,equal_engine_windows,79.3120994012702,4910182713.693492,248
core__fd004__s137__cnn_1d__i23__piecewise_125__common_14__scale125,core,FD004,137,cnn_1d,23,piecewise_125,common_14,raw,pooled_windows,100.97305820335447,12715437526.37893,248
core__fd004__s137__lightgbm__i11__piecewise_125__common_14__scale125,core,FD004,137,lightgbm,11,piecewise_125,common_14,capped125,endpoint,17.305758796823223,8.457686341766113,248
core__fd004__s137__lightgbm__i11__piecewise_125__common_14__scale125,core,FD004,137,lightgbm,11,piecewise_125,common_14,capped125,equal_engine_windows,16.748356775584487,11.50484533536508,248
core__fd004__s137__lightgbm__i11__piecewise_125__common_14__scale125,core,FD004,137,lightgbm,11,piecewise_125,common_14,capped125,pooled_windows,16.31424193670376,13.477946389159106,248
core__fd004__s137__lightgbm__i11__piecewise_125__common_14__scale125,core,FD004,137,lightgbm,11,piecewise_125,common_14,raw,endpoint,29.18999014165096,28.070750648296325,248
core__fd004__s137__lightgbm__i11__piecewise_125__common_14__scale125,core,FD004,137,lightgbm,11,piecewise_125,common_14,raw,equal_engine_windows,78.0256385368075,4229373017.8581433,248
core__fd004__s137__lightgbm__i11__piecewise_125__common_14__scale125,core,FD004,137,lightgbm,11,piecewise_125,common_14,raw,pooled_windows,99.74115272148322,10812790296.23581,248
core__fd004__s137__lstm__i11__piecewise_125__common_14__scale125,core,FD004,137,lstm,11,piecewise_125,common_14,capped125,endpoint,19.12714226841601,13.529654927302245,248
core__fd004__s137__lstm__i11__piecewise_125__common_14__scale125,core,FD004,137,lstm,11,piecewise_125,common_14,capped125,equal_engine_windows,17.354902055470994,17.365825254541654,248
core__fd004__s137__lstm__i11__piecewise_125__common_14__scale125,core,FD004,137,lstm,11,piecewise_125,common_14,capped125,pooled_windows,17.002013361040486,19.099330172166923,248
core__fd004__s137__lstm__i11__piecewise_125__common_14__scale125,core,FD004,137,lstm,11,piecewise_125,common_14,raw,endpoint,29.66823205825266,36.564268237464,248
core__fd004__s137__lstm__i11__piecewise_125__common_14__scale125,core,FD004,137,lstm,11,piecewise_125,common_14,raw,equal_engine_windows,76.15779430771785,3368206023.7106833,248
core__fd004__s137__lstm__i11__piecewise_125__common_14__scale125,core,FD004,137,lstm,11,piecewise_125,common_14,raw,pooled_windows,97.83107836124715,8740493327.127869,248
core__fd004__s137__lstm__i23__piecewise_125__common_14__scale125,core,FD004,137,lstm,23,piecewise_125,common_14,capped125,endpoint,19.05595226152481,13.179512440109482,248
core__fd004__s137__lstm__i23__piecewise_125__common_14__scale125,core,FD004,137,lstm,23,piecewise_125,common_14,capped125,equal_engine_windows,17.120259296202462,15.677422969715364,248
core__fd004__s137__lstm__i23__piecewise_125__common_14__scale125,core,FD004,137,lstm,23,piecewise_125,common_14,capped125,pooled_windows,16.61050628775141,17.064741834945895,248
core__fd004__s137__lstm__i23__piecewise_125__common_14__scale125,core,FD004,137,lstm,23,piecewise_125,common_14,raw,endpoint,29.671156251811222,33.90308930367588,248
core__fd004__s137__lstm__i23__piecewise_125__common_14__scale125,core,FD004,137,lstm,23,piecewise_125,common_14,raw,equal_engine_windows,76.77182776828627,4144940240.0147796,248
core__fd004__s137__lstm__i23__piecewise_125__common_14__scale125,core,FD004,137,lstm,23,piecewise_125,common_14,raw,pooled_windows,98.47537307105863,10667133603.894821,248
core__fd004__s271__cnn_1d__i11__piecewise_125__common_14__scale125,core,FD004,271,cnn_1d,11,piecewise_125,common_14,capped125,endpoint,24.68694887467706,18.67186034357111,248
core__fd004__s271__cnn_1d__i11__piecewise_125__common_14__scale125,core,FD004,271,cnn_1d,11,piecewise_125,common_14,capped125,equal_engine_windows,21.809031656268782,23.639516414407097,248
core__fd004__s271__cnn_1d__i11__piecewise_125__common_14__scale125,core,FD004,271,cnn_1d,11,piecewise_125,common_14,capped125,pooled_windows,21.350575836605717,33.10369842182297,248
core__fd004__s271__cnn_1d__i11__piecewise_125__common_14__scale125,core,FD004,271,cnn_1d,11,piecewise_125,common_14,raw,endpoint,35.17795363494415,52.97793339381178,248
core__fd004__s271__cnn_1d__i11__piecewise_125__common_14__scale125,core,FD004,271,cnn_1d,11,piecewise_125,common_14,raw,equal_engine_windows,81.84255348996255,7448823522.287051,248
core__fd004__s271__cnn_1d__i11__piecewise_125__common_14__scale125,core,FD004,271,cnn_1d,11,piecewise_125,common_14,raw,pooled_windows,103.19959118714709,18824485474.526505,248
core__fd004__s271__cnn_1d__i23__piecewise_125__common_14__scale125,core,FD004,271,cnn_1d,23,piecewise_125,common_14,capped125,endpoint,24.096576219824968,16.309413193381946,248
core__fd004__s271__cnn_1d__i23__piecewise_125__common_14__scale125,core,FD004,271,cnn_1d,23,piecewise_125,common_14,capped125,equal_engine_windows,22.086264594779234,19.898453940038472,248
core__fd004__s271__cnn_1d__i23__piecewise_125__common_14__scale125,core,FD004,271,cnn_1d,23,piecewise_125,common_14,capped125,pooled_windows,21.447188641882416,26.01412043409799,248
core__fd004__s271__cnn_1d__i23__piecewise_125__common_14__scale125,core,FD004,271,cnn_1d,23,piecewise_125,common_14,raw,endpoint,34.836749466365625,52.35536816051371,248
core__fd004__s271__cnn_1d__i23__piecewise_125__common_14__scale125,core,FD004,271,cnn_1d,23,piecewise_125,common_14,raw,equal_engine_windows,82.45221499885069,5102682171.909859,248
core__fd004__s271__cnn_1d__i23__piecewise_125__common_14__scale125,core,FD004,271,cnn_1d,23,piecewise_125,common_14,raw,pooled_windows,104.07805548103414,13134720214.619717,248
core__fd004__s271__lightgbm__i11__piecewise_125__common_14__scale125,core,FD004,271,lightgbm,11,piecewise_125,common_14,capped125,endpoint,17.707046992495787,9.631674924377553,248
core__fd004__s271__lightgbm__i11__piecewise_125__common_14__scale125,core,FD004,271,lightgbm,11,piecewise_125,common_14,capped125,equal_engine_windows,16.844548062445803,11.250997030979468,248
core__fd004__s271__lightgbm__i11__piecewise_125__common_14__scale125,core,FD004,271,lightgbm,11,piecewise_125,common_14,capped125,pooled_windows,16.226977707473555,12.032127608085553,248
core__fd004__s271__lightgbm__i11__piecewise_125__common_14__scale125,core,FD004,271,lightgbm,11,piecewise_125,common_14,raw,endpoint,29.1183168960786,27.696548685629025,248
core__fd004__s271__lightgbm__i11__piecewise_125__common_14__scale125,core,FD004,271,lightgbm,11,piecewise_125,common_14,raw,equal_engine_windows,77.82772725565415,4452727310.274487,248
core__fd004__s271__lightgbm__i11__piecewise_125__common_14__scale125,core,FD004,271,lightgbm,11,piecewise_125,common_14,raw,pooled_windows,99.44906823492113,11324441258.395878,248
core__fd004__s271__lstm__i11__piecewise_125__common_14__scale125,core,FD004,271,lstm,11,piecewise_125,common_14,capped125,endpoint,20.18618985728013,9.312542387133568,248
core__fd004__s271__lstm__i11__piecewise_125__common_14__scale125,core,FD004,271,lstm,11,piecewise_125,common_14,capped125,equal_engine_windows,18.74519406741602,11.963582380335193,248
core__fd004__s271__lstm__i11__piecewise_125__common_14__scale125,core,FD004,271,lstm,11,piecewise_125,common_14,capped125,pooled_windows,18.19847949415259,15.645166830998392,248
core__fd004__s271__lstm__i11__piecewise_125__common_14__scale125,core,FD004,271,lstm,11,piecewise_125,common_14,raw,endpoint,32.17956411465875,56.774420629775086,248
core__fd004__s271__lstm__i11__piecewise_125__common_14__scale125,core,FD004,271,lstm,11,piecewise_125,common_14,raw,equal_engine_windows,80.19038226203588,5629383672.576023,248
core__fd004__s271__lstm__i11__piecewise_125__common_14__scale125,core,FD004,271,lstm,11,piecewise_125,common_14,raw,pooled_windows,101.85337845456071,14549833665.883385,248
core__fd004__s271__lstm__i23__piecewise_125__common_14__scale125,core,FD004,271,lstm,23,piecewise_125,common_14,capped125,endpoint,18.886721710401947,8.409847477886787,248
core__fd004__s271__lstm__i23__piecewise_125__common_14__scale125,core,FD004,271,lstm,23,piecewise_125,common_14,capped125,equal_engine_windows,17.784222281661663,10.874994946183524,248
core__fd004__s271__lstm__i23__piecewise_125__common_14__scale125,core,FD004,271,lstm,23,piecewise_125,common_14,capped125,pooled_windows,17.347225552536933,12.865207788209787,248
core__fd004__s271__lstm__i23__piecewise_125__common_14__scale125,core,FD004,271,lstm,23,piecewise_125,common_14,raw,endpoint,30.30555152347372,38.74372650935838,248
core__fd004__s271__lstm__i23__piecewise_125__common_14__scale125,core,FD004,271,lstm,23,piecewise_125,common_14,raw,equal_engine_windows,77.95415850544468,4161254882.821465,248
core__fd004__s271__lstm__i23__piecewise_125__common_14__scale125,core,FD004,271,lstm,23,piecewise_125,common_14,raw,pooled_windows,99.60762928945573,10709147535.871864,248
core__fd004__s42__cnn_1d__i11__piecewise_125__common_14__scale125,core,FD004,42,cnn_1d,11,piecewise_125,common_14,capped125,endpoint,25.13807145357304,19.650425956492583,248
core__fd004__s42__cnn_1d__i11__piecewise_125__common_14__scale125,core,FD004,42,cnn_1d,11,piecewise_125,common_14,capped125,equal_engine_windows,21.67082155756976,27.769473511692432,248
core__fd004__s42__cnn_1d__i11__piecewise_125__common_14__scale125,core,FD004,42,cnn_1d,11,piecewise_125,common_14,capped125,pooled_windows,20.818437030140704,43.05684876897614,248
core__fd004__s42__cnn_1d__i11__piecewise_125__common_14__scale125,core,FD004,42,cnn_1d,11,piecewise_125,common_14,raw,endpoint,35.601703012070324,58.630091932430275,248
core__fd004__s42__cnn_1d__i11__piecewise_125__common_14__scale125,core,FD004,42,cnn_1d,11,piecewise_125,common_14,raw,equal_engine_windows,80.8637409345482,3866158798.00875,248
core__fd004__s42__cnn_1d__i11__piecewise_125__common_14__scale125,core,FD004,42,cnn_1d,11,piecewise_125,common_14,raw,pooled_windows,101.77165378332577,10011309046.573315,248
core__fd004__s42__cnn_1d__i23__piecewise_125__common_14__scale125,core,FD004,42,cnn_1d,23,piecewise_125,common_14,capped125,endpoint,24.84838278609009,21.579809713943806,248
core__fd004__s42__cnn_1d__i23__piecewise_125__common_14__scale125,core,FD004,42,cnn_1d,23,piecewise_125,common_14,capped125,equal_engine_windows,21.632007935805923,24.25405102619634,248
core__fd004__s42__cnn_1d__i23__piecewise_125__common_14__scale125,core,FD004,42,cnn_1d,23,piecewise_125,common_14,capped125,pooled_windows,20.950089033752597,33.16204673655149,248
core__fd004__s42__cnn_1d__i23__piecewise_125__common_14__scale125,core,FD004,42,cnn_1d,23,piecewise_125,common_14,raw,endpoint,34.62600546258169,58.788196297475714,248
core__fd004__s42__cnn_1d__i23__piecewise_125__common_14__scale125,core,FD004,42,cnn_1d,23,piecewise_125,common_14,raw,equal_engine_windows,79.63988414153793,3114883290.966343,248
core__fd004__s42__cnn_1d__i23__piecewise_125__common_14__scale125,core,FD004,42,cnn_1d,23,piecewise_125,common_14,raw,pooled_windows,100.76795308054895,8243951004.284512,248
core__fd004__s42__lightgbm__i11__piecewise_125__common_14__scale125,core,FD004,42,lightgbm,11,piecewise_125,common_14,capped125,endpoint,17.70605291365369,7.8763832611093765,248
core__fd004__s42__lightgbm__i11__piecewise_125__common_14__scale125,core,FD004,42,lightgbm,11,piecewise_125,common_14,capped125,equal_engine_windows,16.997227003560486,11.869821003210522,248
core__fd004__s42__lightgbm__i11__piecewise_125__common_14__scale125,core,FD004,42,lightgbm,11,piecewise_125,common_14,capped125,pooled_windows,16.43802103081259,13.530187470050192,248
core__fd004__s42__lightgbm__i11__piecewise_125__common_14__scale125,core,FD004,42,lightgbm,11,piecewise_125,common_14,raw,endpoint,29.40386057569014,28.384535707159532,248
core__fd004__s42__lightgbm__i11__piecewise_125__common_14__scale125,core,FD004,42,lightgbm,11,piecewise_125,common_14,raw,equal_engine_windows,77.92746012565405,4560146205.154268,248
core__fd004__s42__lightgbm__i11__piecewise_125__common_14__scale125,core,FD004,42,lightgbm,11,piecewise_125,common_14,raw,pooled_windows,99.53726751991692,11602691746.6519,248
core__fd004__s42__lstm__i11__piecewise_125__common_14__scale125,core,FD004,42,lstm,11,piecewise_125,common_14,capped125,endpoint,19.113168318125823,10.27051579035157,248
core__fd004__s42__lstm__i11__piecewise_125__common_14__scale125,core,FD004,42,lstm,11,piecewise_125,common_14,capped125,equal_engine_windows,18.135363730839533,12.012906461940213,248
core__fd004__s42__lstm__i11__piecewise_125__common_14__scale125,core,FD004,42,lstm,11,piecewise_125,common_14,capped125,pooled_windows,17.53190810593108,14.9127923325178,248
core__fd004__s42__lstm__i11__piecewise_125__common_14__scale125,core,FD004,42,lstm,11,piecewise_125,common_14,raw,endpoint,30.661305507969278,38.42361908157092,248
core__fd004__s42__lstm__i11__piecewise_125__common_14__scale125,core,FD004,42,lstm,11,piecewise_125,common_14,raw,equal_engine_windows,78.4793861374832,4371042151.661128,248
core__fd004__s42__lstm__i11__piecewise_125__common_14__scale125,core,FD004,42,lstm,11,piecewise_125,common_14,raw,pooled_windows,100.02472198684087,11193990266.63971,248
core__fd004__s42__lstm__i23__piecewise_125__common_14__scale125,core,FD004,42,lstm,23,piecewise_125,common_14,capped125,endpoint,18.739919059208876,7.807492655336982,248
core__fd004__s42__lstm__i23__piecewise_125__common_14__scale125,core,FD004,42,lstm,23,piecewise_125,common_14,capped125,equal_engine_windows,17.269269344651136,11.2415231524098,248
core__fd004__s42__lstm__i23__piecewise_125__common_14__scale125,core,FD004,42,lstm,23,piecewise_125,common_14,capped125,pooled_windows,17.168096948159633,13.867859702427332,248
core__fd004__s42__lstm__i23__piecewise_125__common_14__scale125,core,FD004,42,lstm,23,piecewise_125,common_14,raw,endpoint,30.42909778020988,40.0784965615977,248
core__fd004__s42__lstm__i23__piecewise_125__common_14__scale125,core,FD004,42,lstm,23,piecewise_125,common_14,raw,equal_engine_windows,77.93845513603445,4628931014.893608,248
core__fd004__s42__lstm__i23__piecewise_125__common_14__scale125,core,FD004,42,lstm,23,piecewise_125,common_14,raw,pooled_windows,99.66808472293468,11902730039.304604,248
factor__fd001__s137__lightgbm__i11__linear_uncapped__all_21__scale125,factor,FD001,137,lightgbm,11,linear_uncapped,all_21,capped125,endpoint,24.234887940957694,46.939315234572966,100
factor__fd001__s137__lightgbm__i11__linear_uncapped__all_21__scale125,factor,FD001,137,lightgbm,11,linear_uncapped,all_21,capped125,equal_engine_windows,29.71820509129413,99.53370258762936,100
factor__fd001__s137__lightgbm__i11__linear_uncapped__all_21__scale125,factor,FD001,137,lightgbm,11,linear_uncapped,all_21,capped125,pooled_windows,29.0590728223925,89.92443561263534,100
factor__fd001__s137__lightgbm__i11__linear_uncapped__all_21__scale125,factor,FD001,137,lightgbm,11,linear_uncapped,all_21,raw,endpoint,23.636021464251183,42.41447015249095,100
factor__fd001__s137__lightgbm__i11__linear_uncapped__all_21__scale125,factor,FD001,137,lightgbm,11,linear_uncapped,all_21,raw,equal_engine_windows,35.63393640638846,509.66310340677575,100
factor__fd001__s137__lightgbm__i11__linear_uncapped__all_21__scale125,factor,FD001,137,lightgbm,11,linear_uncapped,all_21,raw,pooled_windows,40.03914889369271,922.2836141135747,100
factor__fd001__s137__lightgbm__i11__linear_uncapped__common_14__scale125,factor,FD001,137,lightgbm,11,linear_uncapped,common_14,capped125,endpoint,23.84508878690049,51.44741514461572,100
factor__fd001__s137__lightgbm__i11__linear_uncapped__common_14__scale125,factor,FD001,137,lightgbm,11,linear_uncapped,common_14,capped125,equal_engine_windows,29.46793683242892,89.12765227456072,100
factor__fd001__s137__lightgbm__i11__linear_uncapped__common_14__scale125,factor,FD001,137,lightgbm,11,linear_uncapped,common_14,capped125,pooled_windows,28.789046589015154,79.30026782198631,100
factor__fd001__s137__lightgbm__i11__linear_uncapped__common_14__scale125,factor,FD001,137,lightgbm,11,linear_uncapped,common_14,raw,endpoint,23.201807957164977,47.97229087698822,100
factor__fd001__s137__lightgbm__i11__linear_uncapped__common_14__scale125,factor,FD001,137,lightgbm,11,linear_uncapped,common_14,raw,equal_engine_windows,35.64284562410354,509.77426021682504,100
factor__fd001__s137__lightgbm__i11__linear_uncapped__common_14__scale125,factor,FD001,137,lightgbm,11,linear_uncapped,common_14,raw,pooled_windows,40.070379760241416,921.4662477315464,100
factor__fd001__s137__lightgbm__i11__piecewise_125__all_21__scale125,factor,FD001,137,lightgbm,11,piecewise_125,all_21,capped125,endpoint,13.314018457573802,2.9032523537745965,100
factor__fd001__s137__lightgbm__i11__piecewise_125__all_21__scale125,factor,FD001,137,lightgbm,11,piecewise_125,all_21,capped125,equal_engine_windows,14.615433245263842,3.847150678817843,100
factor__fd001__s137__lightgbm__i11__piecewise_125__all_21__scale125,factor,FD001,137,lightgbm,11,piecewise_125,all_21,capped125,pooled_windows,15.40101570770365,4.23116829348867,100
factor__fd001__s137__lightgbm__i11__piecewise_125__all_21__scale125,factor,FD001,137,lightgbm,11,piecewise_125,all_21,raw,endpoint,14.607472758332285,3.23650898651985,100
factor__fd001__s137__lightgbm__i11__piecewise_125__all_21__scale125,factor,FD001,137,lightgbm,11,piecewise_125,all_21,raw,equal_engine_windows,41.36615341320573,2930.7843278974733,100
factor__fd001__s137__lightgbm__i11__piecewise_125__all_21__scale125,factor,FD001,137,lightgbm,11,piecewise_125,all_21,raw,pooled_windows,47.935305206766024,5583.120300810132,100
factor__fd001__s137__lstm__i11__linear_uncapped__all_21__scale125,factor,FD001,137,lstm,11,linear_uncapped,all_21,capped125,endpoint,24.699689668309233,84.26777851501667,100
factor__fd001__s137__lstm__i11__linear_uncapped__all_21__scale125,factor,FD001,137,lstm,11,linear_uncapped,all_21,capped125,equal_engine_windows,32.50922153262073,116.28890512791195,100
factor__fd001__s137__lstm__i11__linear_uncapped__all_21__scale125,factor,FD001,137,lstm,11,linear_uncapped,all_21,capped125,pooled_windows,30.903234292111055,93.5381795454451,100
factor__fd001__s137__lstm__i11__linear_uncapped__all_21__scale125,factor,FD001,137,lstm,11,linear_uncapped,all_21,raw,endpoint,24.079609370767265,80.58199120259934,100
factor__fd001__s137__lstm__i11__linear_uncapped__all_21__scale125,factor,FD001,137,lstm,11,linear_uncapped,all_21,raw,equal_engine_windows,34.916025132233294,442.4388464808874,100
factor__fd001__s137__lstm__i11__linear_uncapped__all_21__scale125,factor,FD001,137,lstm,11,linear_uncapped,all_21,raw,pooled_windows,37.72454483701221,786.6932954344909,100
factor__fd001__s137__lstm__i11__linear_uncapped__common_14__scale125,factor,FD001,137,lstm,11,linear_uncapped,common_14,capped125,endpoint,25.538008903773793,142.32027381300145,100
factor__fd001__s137__lstm__i11__linear_uncapped__common_14__scale125,factor,FD001,137,lstm,11,linear_uncapped,common_14,capped125,equal_engine_windows,31.98599158545697,225.0339605287724,100
factor__fd001__s137__lstm__i11__linear_uncapped__common_14__scale125,factor,FD001,137,lstm,11,linear_uncapped,common_14,capped125,pooled_windows,29.98245611126154,120.7099177945394,100
factor__fd001__s137__lstm__i11__linear_uncapped__common_14__scale125,factor,FD001,137,lstm,11,linear_uncapped,common_14,raw,endpoint,24.846732964791002,137.72326582971158,100
factor__fd001__s137__lstm__i11__linear_uncapped__common_14__scale125,factor,FD001,137,lstm,11,linear_uncapped,common_14,raw,equal_engine_windows,35.24144763373927,517.2857227067722,100
factor__fd001__s137__lstm__i11__linear_uncapped__common_14__scale125,factor,FD001,137,lstm,11,linear_uncapped,common_14,raw,pooled_windows,38.45927050025127,924.5252562938957,100
factor__fd001__s137__lstm__i11__piecewise_125__all_21__scale125,factor,FD001,137,lstm,11,piecewise_125,all_21,capped125,endpoint,13.788924136381205,3.209736304076719,100
factor__fd001__s137__lstm__i11__piecewise_125__all_21__scale125,factor,FD001,137,lstm,11,piecewise_125,all_21,capped125,equal_engine_windows,13.906057738539806,3.189614945568757,100
factor__fd001__s137__lstm__i11__piecewise_125__all_21__scale125,factor,FD001,137,lstm,11,piecewise_125,all_21,capped125,pooled_windows,14.36708910318125,3.29630222489169,100
factor__fd001__s137__lstm__i11__piecewise_125__all_21__scale125,factor,FD001,137,lstm,11,piecewise_125,all_21,raw,endpoint,15.206416217207625,3.6727553063788814,100
factor__fd001__s137__lstm__i11__piecewise_125__all_21__scale125,factor,FD001,137,lstm,11,piecewise_125,all_21,raw,equal_engine_windows,40.062337421855275,2502.529232567462,100
factor__fd001__s137__lstm__i11__piecewise_125__all_21__scale125,factor,FD001,137,lstm,11,piecewise_125,all_21,raw,pooled_windows,46.43137278319251,4749.3155682109455,100
factor__fd001__s271__lightgbm__i11__linear_uncapped__all_21__scale125,factor,FD001,271,lightgbm,11,linear_uncapped,all_21,capped125,endpoint,26.70431510321852,70.26615032280388,100
factor__fd001__s271__lightgbm__i11__linear_uncapped__all_21__scale125,factor,FD001,271,lightgbm,11,linear_uncapped,all_21,capped125,equal_engine_windows,34.81875529123867,231.83633508592888,100
factor__fd001__s271__lightgbm__i11__linear_uncapped__all_21__scale125,factor,FD001,271,lightgbm,11,linear_uncapped,all_21,capped125,pooled_windows,33.572515847894614,230.37803888544883,100
factor__fd001__s271__lightgbm__i11__linear_uncapped__all_21__scale125,factor,FD001,271,lightgbm,11,linear_uncapped,all_21,raw,endpoint,26.013667853975658,67.2173171215084,100
factor__fd001__s271__lightgbm__i11__linear_uncapped__all_21__scale125,factor,FD001,271,lightgbm,11,linear_uncapped,all_21,raw,equal_engine_windows,36.643295373264365,531.6540574298116,100
factor__fd001__s271__lightgbm__i11__linear_uncapped__all_21__scale125,factor,FD001,271,lightgbm,11,linear_uncapped,all_21,raw,pooled_windows,40.06919561322502,956.4339610852335,100
factor__fd001__s271__lightgbm__i11__linear_uncapped__common_14__scale125,factor,FD001,271,lightgbm,11,linear_uncapped,common_14,capped125,endpoint,27.146603457039834,75.15970423831637,100
factor__fd001__s271__lightgbm__i11__linear_uncapped__common_14__scale125,factor,FD001,271,lightgbm,11,linear_uncapped,common_14,capped125,equal_engine_windows,34.81431579338994,228.17469143168645,100
factor__fd001__s271__lightgbm__i11__linear_uncapped__common_14__scale125,factor,FD001,271,lightgbm,11,linear_uncapped,common_14,capped125,pooled_windows,33.57442165622709,226.15750991204447,100
factor__fd001__s271__lightgbm__i11__linear_uncapped__common_14__scale125,factor,FD001,271,lightgbm,11,linear_uncapped,common_14,raw,endpoint,26.470138037746082,71.53485846004648,100
factor__fd001__s271__lightgbm__i11__linear_uncapped__common_14__scale125,factor,FD001,271,lightgbm,11,linear_uncapped,common_14,raw,equal_engine_windows,36.64985208118228,526.0151441471241,100
factor__fd001__s271__lightgbm__i11__linear_uncapped__common_14__scale125,factor,FD001,271,lightgbm,11,linear_uncapped,common_14,raw,pooled_windows,40.09490718885104,948.8880581531163,100
factor__fd001__s271__lightgbm__i11__piecewise_125__all_21__scale125,factor,FD001,271,lightgbm,11,piecewise_125,all_21,capped125,endpoint,13.9150401044255,3.43347386611967,100
factor__fd001__s271__lightgbm__i11__piecewise_125__all_21__scale125,factor,FD001,271,lightgbm,11,piecewise_125,all_21,capped125,equal_engine_windows,14.39087336752058,4.27010354269612,100
factor__fd001__s271__lightgbm__i11__piecewise_125__all_21__scale125,factor,FD001,271,lightgbm,11,piecewise_125,all_21,capped125,pooled_windows,15.194119637859064,4.629673987053502,100
factor__fd001__s271__lightgbm__i11__piecewise_125__all_21__scale125,factor,FD001,271,lightgbm,11,piecewise_125,all_21,raw,endpoint,15.103705560736502,3.7413721285634103,100
factor__fd001__s271__lightgbm__i11__piecewise_125__all_21__scale125,factor,FD001,271,lightgbm,11,piecewise_125,all_21,raw,equal_engine_windows,40.84842914308675,2844.705157135034,100
factor__fd001__s271__lightgbm__i11__piecewise_125__all_21__scale125,factor,FD001,271,lightgbm,11,piecewise_125,all_21,raw,pooled_windows,47.46962808014193,5532.280468393996,100
factor__fd001__s271__lstm__i11__linear_uncapped__all_21__scale125,factor,FD001,271,lstm,11,linear_uncapped,all_21,capped125,endpoint,24.241942243991872,34.66343631639449,100
factor__fd001__s271__lstm__i11__linear_uncapped__all_21__scale125,factor,FD001,271,lstm,11,linear_uncapped,all_21,capped125,equal_engine_windows,28.928860769917918,84.97791620950173,100
factor__fd001__s271__lstm__i11__linear_uncapped__all_21__scale125,factor,FD001,271,lstm,11,linear_uncapped,all_21,capped125,pooled_windows,28.85903613371523,81.72213014926245,100
factor__fd001__s271__lstm__i11__linear_uncapped__all_21__scale125,factor,FD001,271,lstm,11,linear_uncapped,all_21,raw,endpoint,24.002675471387956,34.2617675461215,100
factor__fd001__s271__lstm__i11__linear_uncapped__all_21__scale125,factor,FD001,271,lstm,11,linear_uncapped,all_21,raw,equal_engine_windows,36.60242338244473,799.7323259461072,100
factor__fd001__s271__lstm__i11__linear_uncapped__all_21__scale125,factor,FD001,271,lstm,11,linear_uncapped,all_21,raw,pooled_windows,40.97047885204543,1504.7583086361135,100
factor__fd001__s271__lstm__i11__linear_uncapped__common_14__scale125,factor,FD001,271,lstm,11,linear_uncapped,common_14,capped125,endpoint,22.61921409956193,21.10507994861229,100
factor__fd001__s271__lstm__i11__linear_uncapped__common_14__scale125,factor,FD001,271,lstm,11,linear_uncapped,common_14,capped125,equal_engine_windows,25.385801539507913,40.17511371069701,100
factor__fd001__s271__lstm__i11__linear_uncapped__common_14__scale125,factor,FD001,271,lstm,11,linear_uncapped,common_14,capped125,pooled_windows,25.265586626260664,39.218261737799615,100
factor__fd001__s271__lstm__i11__linear_uncapped__common_14__scale125,factor,FD001,271,lstm,11,linear_uncapped,common_14,raw,endpoint,22.696973367972316,21.053294498217955,100
factor__fd001__s271__lstm__i11__linear_uncapped__common_14__scale125,factor,FD001,271,lstm,11,linear_uncapped,common_14,raw,equal_engine_windows,35.18309771755626,583.7545292232866,100
factor__fd001__s271__lstm__i11__linear_uncapped__common_14__scale125,factor,FD001,271,lstm,11,linear_uncapped,common_14,raw,pooled_windows,40.140071240473446,1113.3724227934495,100
factor__fd001__s271__lstm__i11__piecewise_125__all_21__scale125,factor,FD001,271,lstm,11,piecewise_125,all_21,capped125,endpoint,13.804588652545705,3.4267752175088075,100
factor__fd001__s271__lstm__i11__piecewise_125__all_21__scale125,factor,FD001,271,lstm,11,piecewise_125,all_21,capped125,equal_engine_windows,13.588510911683908,3.161829000395008,100
factor__fd001__s271__lstm__i11__piecewise_125__all_21__scale125,factor,FD001,271,lstm,11,piecewise_125,all_21,capped125,pooled_windows,14.159421525497248,3.303818895315352,100
factor__fd001__s271__lstm__i11__piecewise_125__all_21__scale125,factor,FD001,271,lstm,11,piecewise_125,all_21,raw,endpoint,15.054329950945753,3.7878653387920895,100
factor__fd001__s271__lstm__i11__piecewise_125__all_21__scale125,factor,FD001,271,lstm,11,piecewise_125,all_21,raw,equal_engine_windows,39.69964041992911,2588.0379705623627,100
factor__fd001__s271__lstm__i11__piecewise_125__all_21__scale125,factor,FD001,271,lstm,11,piecewise_125,all_21,raw,pooled_windows,46.22798099578387,5064.599746321562,100
factor__fd001__s42__lightgbm__i11__linear_uncapped__all_21__scale125,factor,FD001,42,lightgbm,11,linear_uncapped,all_21,capped125,endpoint,26.961494198470017,229.5922780721053,100
factor__fd001__s42__lightgbm__i11__linear_uncapped__all_21__scale125,factor,FD001,42,lightgbm,11,linear_uncapped,all_21,capped125,equal_engine_windows,34.25009462455792,296.033155435486,100
factor__fd001__s42__lightgbm__i11__linear_uncapped__all_21__scale125,factor,FD001,42,lightgbm,11,linear_uncapped,all_21,capped125,pooled_windows,33.10500046501032,277.6851644781373,100
factor__fd001__s42__lightgbm__i11__linear_uncapped__all_21__scale125,factor,FD001,42,lightgbm,11,linear_uncapped,all_21,raw,endpoint,26.415267223549378,228.39603642213635,100
factor__fd001__s42__lightgbm__i11__linear_uncapped__all_21__scale125,factor,FD001,42,lightgbm,11,linear_uncapped,all_21,raw,equal_engine_windows,37.006550225572276,632.9816762690648,100
factor__fd001__s42__lightgbm__i11__linear_uncapped__all_21__scale125,factor,FD001,42,lightgbm,11,linear_uncapped,all_21,raw,pooled_windows,40.73004325442986,1034.975587725065,100
factor__fd001__s42__lightgbm__i11__linear_uncapped__common_14__scale125,factor,FD001,42,lightgbm,11,linear_uncapped,common_14,capped125,endpoint,27.391964470548327,353.9662006765858,100
factor__fd001__s42__lightgbm__i11__linear_uncapped__common_14__scale125,factor,FD001,42,lightgbm,11,linear_uncapped,common_14,capped125,equal_engine_windows,34.474396703717424,322.16902038497983,100
factor__fd001__s42__lightgbm__i11__linear_uncapped__common_14__scale125,factor,FD001,42,lightgbm,11,linear_uncapped,common_14,capped125,pooled_windows,33.2366470793681,298.9313283173519,100
factor__fd001__s42__lightgbm__i11__linear_uncapped__common_14__scale125,factor,FD001,42,lightgbm,11,linear_uncapped,common_14,raw,endpoint,26.821056606621827,352.64326927243224,100
factor__fd001__s42__lightgbm__i11__linear_uncapped__common_14__scale125,factor,FD001,42,lightgbm,11,linear_uncapped,common_14,raw,equal_engine_windows,37.02244242889552,607.8600677992756,100
factor__fd001__s42__lightgbm__i11__linear_uncapped__common_14__scale125,factor,FD001,42,lightgbm,11,linear_uncapped,common_14,raw,pooled_windows,40.60083062588446,968.0008017867463,100
factor__fd001__s42__lightgbm__i11__piecewise_125__all_21__scale125,factor,FD001,42,lightgbm,11,piecewise_125,all_21,capped125,endpoint,13.79058544638818,3.3654297750665347,100
factor__fd001__s42__lightgbm__i11__piecewise_125__all_21__scale125,factor,FD001,42,lightgbm,11,piecewise_125,all_21,capped125,equal_engine_windows,14.734871103064808,3.89505541399529,100
factor__fd001__s42__lightgbm__i11__piecewise_125__all_21__scale125,factor,FD001,42,lightgbm,11,piecewise_125,all_21,capped125,pooled_windows,15.56089354110964,4.2332677950064905,100
factor__fd001__s42__lightgbm__i11__piecewise_125__all_21__scale125,factor,FD001,42,lightgbm,11,piecewise_125,all_21,raw,endpoint,14.967198327507553,3.675292185804763,100
factor__fd001__s42__lightgbm__i11__piecewise_125__all_21__scale125,factor,FD001,42,lightgbm,11,piecewise_125,all_21,raw,equal_engine_windows,41.34959486435062,2904.8595348325057,100
factor__fd001__s42__lightgbm__i11__piecewise_125__all_21__scale125,factor,FD001,42,lightgbm,11,piecewise_125,all_21,raw,pooled_windows,47.98464538198736,5571.540293154114,100
factor__fd001__s42__lstm__i11__linear_uncapped__all_21__scale125,factor,FD001,42,lstm,11,linear_uncapped,all_21,capped125,endpoint,22.92097995766826,34.729428741486025,100
factor__fd001__s42__lstm__i11__linear_uncapped__all_21__scale125,factor,FD001,42,lstm,11,linear_uncapped,all_21,capped125,equal_engine_windows,29.380097697318334,56.9718994759949,100
factor__fd001__s42__lstm__i11__linear_uncapped__all_21__scale125,factor,FD001,42,lstm,11,linear_uncapped,all_21,capped125,pooled_windows,27.881215979222535,48.31667009070406,100
factor__fd001__s42__lstm__i11__linear_uncapped__all_21__scale125,factor,FD001,42,lstm,11,linear_uncapped,all_21,raw,endpoint,22.501792641736433,34.20040909317428,100
factor__fd001__s42__lstm__i11__linear_uncapped__all_21__scale125,factor,FD001,42,lstm,11,linear_uncapped,all_21,raw,equal_engine_windows,34.15380148331316,363.2840110165822,100
factor__fd001__s42__lstm__i11__linear_uncapped__all_21__scale125,factor,FD001,42,lstm,11,linear_uncapped,all_21,raw,pooled_windows,37.15008541406071,674.5539220270358,100
factor__fd001__s42__lstm__i11__linear_uncapped__common_14__scale125,factor,FD001,42,lstm,11,linear_uncapped,common_14,capped125,endpoint,23.821507091753443,47.905540461155255,100
factor__fd001__s42__lstm__i11__linear_uncapped__common_14__scale125,factor,FD001,42,lstm,11,linear_uncapped,common_14,capped125,equal_engine_windows,29.407222277728586,67.48356923951602,100
factor__fd001__s42__lstm__i11__linear_uncapped__common_14__scale125,factor,FD001,42,lstm,11,linear_uncapped,common_14,capped125,pooled_windows,28.00491098721397,58.09823437532248,100
factor__fd001__s42__lstm__i11__linear_uncapped__common_14__scale125,factor,FD001,42,lstm,11,linear_uncapped,common_14,raw,endpoint,23.334038604167198,46.96784628982806,100
factor__fd001__s42__lstm__i11__linear_uncapped__common_14__scale125,factor,FD001,42,lstm,11,linear_uncapped,common_14,raw,equal_engine_windows,33.73317198721432,348.08714091987645,100
factor__fd001__s42__lstm__i11__linear_uncapped__common_14__scale125,factor,FD001,42,lstm,11,linear_uncapped,common_14,raw,pooled_windows,37.46110033731925,643.2938097315337,100
factor__fd001__s42__lstm__i11__piecewise_125__all_21__scale125,factor,FD001,42,lstm,11,piecewise_125,all_21,capped125,endpoint,14.644492822078767,4.759267256041415,100
factor__fd001__s42__lstm__i11__piecewise_125__all_21__scale125,factor,FD001,42,lstm,11,piecewise_125,all_21,capped125,equal_engine_windows,13.39945964345367,3.7240512918509756,100
factor__fd001__s42__lstm__i11__piecewise_125__all_21__scale125,factor,FD001,42,lstm,11,piecewise_125,all_21,capped125,pooled_windows,13.900790239307112,3.8629605764345625,100
factor__fd001__s42__lstm__i11__piecewise_125__all_21__scale125,factor,FD001,42,lstm,11,piecewise_125,all_21,raw,endpoint,15.672489345314155,5.0477085451470405,100
factor__fd001__s42__lstm__i11__piecewise_125__all_21__scale125,factor,FD001,42,lstm,11,piecewise_125,all_21,raw,equal_engine_windows,38.533288567430425,2258.6625727157207,100
factor__fd001__s42__lstm__i11__piecewise_125__all_21__scale125,factor,FD001,42,lstm,11,piecewise_125,all_21,raw,pooled_windows,44.96309523724315,4420.354906946501,100
factor__fd004__s137__lightgbm__i11__linear_uncapped__all_21__scale125,factor,FD004,137,lightgbm,11,linear_uncapped,all_21,capped125,endpoint,38.9006383358403,11673.536745129173,248
factor__fd004__s137__lightgbm__i11__linear_uncapped__all_21__scale125,factor,FD004,137,lightgbm,11,linear_uncapped,all_21,capped125,equal_engine_windows,57.11339388185223,96399.4440778033,248
factor__fd004__s137__lightgbm__i11__linear_uncapped__all_21__scale125,factor,FD004,137,lightgbm,11,linear_uncapped,all_21,capped125,pooled_windows,60.10072289961614,128053.78485236064,248
factor__fd004__s137__lightgbm__i11__linear_uncapped__all_21__scale125,factor,FD004,137,lightgbm,11,linear_uncapped,all_21,raw,endpoint,34.06880876183366,352.15577312205386,248
factor__fd004__s137__lightgbm__i11__linear_uncapped__all_21__scale125,factor,FD004,137,lightgbm,11,linear_uncapped,all_21,raw,equal_engine_windows,55.79826513504427,2477101.2161246827,248
factor__fd004__s137__lightgbm__i11__linear_uncapped__all_21__scale125,factor,FD004,137,lightgbm,11,linear_uncapped,all_21,raw,pooled_windows,68.24859627707148,7055966.440467755,248
factor__fd004__s137__lightgbm__i11__linear_uncapped__common_14__scale125,factor,FD004,137,lightgbm,11,linear_uncapped,common_14,capped125,endpoint,38.97558686689838,8474.539942885342,248
factor__fd004__s137__lightgbm__i11__linear_uncapped__common_14__scale125,factor,FD004,137,lightgbm,11,linear_uncapped,common_14,capped125,equal_engine_windows,56.76010917783988,100709.88892916957,248
factor__fd004__s137__lightgbm__i11__linear_uncapped__common_14__scale125,factor,FD004,137,lightgbm,11,linear_uncapped,common_14,capped125,pooled_windows,60.09662456600027,124038.29675841889,248
factor__fd004__s137__lightgbm__i11__linear_uncapped__common_14__scale125,factor,FD004,137,lightgbm,11,linear_uncapped,common_14,raw,endpoint,34.18349625545159,290.20200306702833,248
factor__fd004__s137__lightgbm__i11__linear_uncapped__common_14__scale125,factor,FD004,137,lightgbm,11,linear_uncapped,common_14,raw,equal_engine_windows,55.89915121240312,4134651.8554810546,248
factor__fd004__s137__lightgbm__i11__linear_uncapped__common_14__scale125,factor,FD004,137,lightgbm,11,linear_uncapped,common_14,raw,pooled_windows,67.826836100255,11875097.71020868,248
factor__fd004__s137__lightgbm__i11__piecewise_125__all_21__scale125,factor,FD004,137,lightgbm,11,piecewise_125,all_21,capped125,endpoint,17.58861085640212,8.698044036774217,248
factor__fd004__s137__lightgbm__i11__piecewise_125__all_21__scale125,factor,FD004,137,lightgbm,11,piecewise_125,all_21,capped125,equal_engine_windows,16.782398287794788,11.106922152993198,248
factor__fd004__s137__lightgbm__i11__piecewise_125__all_21__scale125,factor,FD004,137,lightgbm,11,piecewise_125,all_21,capped125,pooled_windows,16.535459677876087,12.7771038131993,248
factor__fd004__s137__lightgbm__i11__piecewise_125__all_21__scale125,factor,FD004,137,lightgbm,11,piecewise_125,all_21,raw,endpoint,29.49831646739425,30.609493937453305,248
factor__fd004__s137__lightgbm__i11__piecewise_125__all_21__scale125,factor,FD004,137,lightgbm,11,piecewise_125,all_21,raw,equal_engine_windows,78.04318696862386,4257214901.596632,248
factor__fd004__s137__lightgbm__i11__piecewise_125__all_21__scale125,factor,FD004,137,lightgbm,11,piecewise_125,all_21,raw,pooled_windows,99.853229656959,10890959316.876816,248
factor__fd004__s137__lstm__i11__linear_uncapped__all_21__scale125,factor,FD004,137,lstm,11,linear_uncapped,all_21,capped125,endpoint,46.57916138996843,23588.425157017406,248
factor__fd004__s137__lstm__i11__linear_uncapped__all_21__scale125,factor,FD004,137,lstm,11,linear_uncapped,all_21,capped125,equal_engine_windows,57.84748788700642,152416.20324113625,248
factor__fd004__s137__lstm__i11__linear_uncapped__all_21__scale125,factor,FD004,137,lstm,11,linear_uncapped,all_21,capped125,pooled_windows,58.92925276545582,68379.75762625989,248
factor__fd004__s137__lstm__i11__linear_uncapped__all_21__scale125,factor,FD004,137,lstm,11,linear_uncapped,all_21,raw,endpoint,42.93300292352689,3591.8105803806766,248
factor__fd004__s137__lstm__i11__linear_uncapped__all_21__scale125,factor,FD004,137,lstm,11,linear_uncapped,all_21,raw,equal_engine_windows,60.920010590214034,32625017.125387803,248
factor__fd004__s137__lstm__i11__linear_uncapped__all_21__scale125,factor,FD004,137,lstm,11,linear_uncapped,all_21,raw,pooled_windows,73.24994017130919,100576272.7371575,248
factor__fd004__s137__lstm__i11__linear_uncapped__common_14__scale125,factor,FD004,137,lstm,11,linear_uncapped,common_14,capped125,endpoint,46.989615234963125,2384.3224955653836,248
factor__fd004__s137__lstm__i11__linear_uncapped__common_14__scale125,factor,FD004,137,lstm,11,linear_uncapped,common_14,capped125,equal_engine_windows,55.20228474981013,56495.30523979012,248
factor__fd004__s137__lstm__i11__linear_uncapped__common_14__scale125,factor,FD004,137,lstm,11,linear_uncapped,common_14,capped125,pooled_windows,57.436980745467345,60627.074021205604,248
factor__fd004__s137__lstm__i11__linear_uncapped__common_14__scale125,factor,FD004,137,lstm,11,linear_uncapped,common_14,raw,endpoint,44.516707636791146,1822.1784405402625,248
factor__fd004__s137__lstm__i11__linear_uncapped__common_14__scale125,factor,FD004,137,lstm,11,linear_uncapped,common_14,raw,equal_engine_windows,61.955073959191665,19119186.25747804,248
factor__fd004__s137__lstm__i11__linear_uncapped__common_14__scale125,factor,FD004,137,lstm,11,linear_uncapped,common_14,raw,pooled_windows,75.31771727770395,55329443.9772974,248
factor__fd004__s137__lstm__i11__piecewise_125__all_21__scale125,factor,FD004,137,lstm,11,piecewise_125,all_21,capped125,endpoint,19.80015871687985,14.177677893426145,248
factor__fd004__s137__lstm__i11__piecewise_125__all_21__scale125,factor,FD004,137,lstm,11,piecewise_125,all_21,capped125,equal_engine_windows,17.942282115432686,17.37685591966281,248
factor__fd004__s137__lstm__i11__piecewise_125__all_21__scale125,factor,FD004,137,lstm,11,piecewise_125,all_21,capped125,pooled_windows,17.02373126631459,16.47497550729545,248
factor__fd004__s137__lstm__i11__piecewise_125__all_21__scale125,factor,FD004,137,lstm,11,piecewise_125,all_21,raw,endpoint,30.72189646206556,44.77977639272192,248
factor__fd004__s137__lstm__i11__piecewise_125__all_21__scale125,factor,FD004,137,lstm,11,piecewise_125,all_21,raw,equal_engine_windows,77.78535900187994,4899283808.529261,248
factor__fd004__s137__lstm__i11__piecewise_125__all_21__scale125,factor,FD004,137,lstm,11,piecewise_125,all_21,raw,pooled_windows,99.42000467438798,12515112976.48373,248
factor__fd004__s271__lightgbm__i11__linear_uncapped__all_21__scale125,factor,FD004,271,lightgbm,11,linear_uncapped,all_21,capped125,endpoint,43.34726520092165,5492.930869497775,248
factor__fd004__s271__lightgbm__i11__linear_uncapped__all_21__scale125,factor,FD004,271,lightgbm,11,linear_uncapped,all_21,capped125,equal_engine_windows,58.57248521908227,20920.328843631145,248
factor__fd004__s271__lightgbm__i11__linear_uncapped__all_21__scale125,factor,FD004,271,lightgbm,11,linear_uncapped,all_21,capped125,pooled_windows,60.44206552617527,30221.022668159767,248
factor__fd004__s271__lightgbm__i11__linear_uncapped__all_21__scale125,factor,FD004,271,lightgbm,11,linear_uncapped,all_21,raw,endpoint,38.04743734259666,644.9552535923124,248
factor__fd004__s271__lightgbm__i11__linear_uncapped__all_21__scale125,factor,FD004,271,lightgbm,11,linear_uncapped,all_21,raw,equal_engine_windows,56.41956217424671,2503917.366022118,248
factor__fd004__s271__lightgbm__i11__linear_uncapped__all_21__scale125,factor,FD004,271,lightgbm,11,linear_uncapped,all_21,raw,pooled_windows,68.40365347883795,7159530.2217470845,248
factor__fd004__s271__lightgbm__i11__linear_uncapped__common_14__scale125,factor,FD004,271,lightgbm,11,linear_uncapped,common_14,capped125,endpoint,43.17244441506668,3546.7066472115334,248
factor__fd004__s271__lightgbm__i11__linear_uncapped__common_14__scale125,factor,FD004,271,lightgbm,11,linear_uncapped,common_14,capped125,equal_engine_windows,57.53437723617341,34325.479076367716,248
factor__fd004__s271__lightgbm__i11__linear_uncapped__common_14__scale125,factor,FD004,271,lightgbm,11,linear_uncapped,common_14,capped125,pooled_windows,60.15193220699786,48633.32578245706,248
factor__fd004__s271__lightgbm__i11__linear_uncapped__common_14__scale125,factor,FD004,271,lightgbm,11,linear_uncapped,common_14,raw,endpoint,38.02711509955746,628.2347805414973,248
factor__fd004__s271__lightgbm__i11__linear_uncapped__common_14__scale125,factor,FD004,271,lightgbm,11,linear_uncapped,common_14,raw,equal_engine_windows,56.25567694090257,3204111.8298118943,248
factor__fd004__s271__lightgbm__i11__linear_uncapped__common_14__scale125,factor,FD004,271,lightgbm,11,linear_uncapped,common_14,raw,pooled_windows,68.06659570140427,8879012.770465719,248
factor__fd004__s271__lightgbm__i11__piecewise_125__all_21__scale125,factor,FD004,271,lightgbm,11,piecewise_125,all_21,capped125,endpoint,17.717769798418452,8.455259469877282,248
factor__fd004__s271__lightgbm__i11__piecewise_125__all_21__scale125,factor,FD004,271,lightgbm,11,piecewise_125,all_21,capped125,equal_engine_windows,16.75070658959274,10.868059606153713,248
factor__fd004__s271__lightgbm__i11__piecewise_125__all_21__scale125,factor,FD004,271,lightgbm,11,piecewise_125,all_21,capped125,pooled_windows,16.468359459307916,11.968419784433834,248
factor__fd004__s271__lightgbm__i11__piecewise_125__all_21__scale125,factor,FD004,271,lightgbm,11,piecewise_125,all_21,raw,endpoint,28.999034077026057,26.09867244494529,248
factor__fd004__s271__lightgbm__i11__piecewise_125__all_21__scale125,factor,FD004,271,lightgbm,11,piecewise_125,all_21,raw,equal_engine_windows,77.65061249866899,4527316414.242032,248
factor__fd004__s271__lightgbm__i11__piecewise_125__all_21__scale125,factor,FD004,271,lightgbm,11,piecewise_125,all_21,raw,pooled_windows,99.48847104116636,11501338210.524555,248
factor__fd004__s271__lstm__i11__linear_uncapped__all_21__scale125,factor,FD004,271,lstm,11,linear_uncapped,all_21,capped125,endpoint,41.71924381471595,4295.110564601575,248
factor__fd004__s271__lstm__i11__linear_uncapped__all_21__scale125,factor,FD004,271,lstm,11,linear_uncapped,all_21,capped125,equal_engine_windows,53.461416042112134,8682.31464794584,248
factor__fd004__s271__lstm__i11__linear_uncapped__all_21__scale125,factor,FD004,271,lstm,11,linear_uncapped,all_21,capped125,pooled_windows,54.80299077717986,7372.223596977517,248
factor__fd004__s271__lstm__i11__linear_uncapped__all_21__scale125,factor,FD004,271,lstm,11,linear_uncapped,all_21,raw,endpoint,38.35712591368261,2017.2579145647321,248
factor__fd004__s271__lstm__i11__linear_uncapped__all_21__scale125,factor,FD004,271,lstm,11,linear_uncapped,all_21,raw,equal_engine_windows,59.788289681562354,26963600.792846438,248
factor__fd004__s271__lstm__i11__linear_uncapped__all_21__scale125,factor,FD004,271,lstm,11,linear_uncapped,all_21,raw,pooled_windows,72.89659575266386,72766661.6487466,248
factor__fd004__s271__lstm__i11__linear_uncapped__common_14__scale125,factor,FD004,271,lstm,11,linear_uncapped,common_14,capped125,endpoint,41.9951248810109,1065.5155370176842,248
factor__fd004__s271__lstm__i11__linear_uncapped__common_14__scale125,factor,FD004,271,lstm,11,linear_uncapped,common_14,capped125,equal_engine_windows,48.898169249079054,1854.0820505351367,248
factor__fd004__s271__lstm__i11__linear_uncapped__common_14__scale125,factor,FD004,271,lstm,11,linear_uncapped,common_14,capped125,pooled_windows,51.677642681039714,2151.219387806647,248
factor__fd004__s271__lstm__i11__linear_uncapped__common_14__scale125,factor,FD004,271,lstm,11,linear_uncapped,common_14,raw,endpoint,40.87113046194026,860.6667257072157,248
factor__fd004__s271__lstm__i11__linear_uncapped__common_14__scale125,factor,FD004,271,lstm,11,linear_uncapped,common_14,raw,equal_engine_windows,62.29321146158795,16381390.761608763,248
factor__fd004__s271__lstm__i11__linear_uncapped__common_14__scale125,factor,FD004,271,lstm,11,linear_uncapped,common_14,raw,pooled_windows,76.38849462899215,46095420.658247985,248
factor__fd004__s271__lstm__i11__piecewise_125__all_21__scale125,factor,FD004,271,lstm,11,piecewise_125,all_21,capped125,endpoint,19.910769246586074,10.725918875018262,248
factor__fd004__s271__lstm__i11__piecewise_125__all_21__scale125,factor,FD004,271,lstm,11,piecewise_125,all_21,capped125,equal_engine_windows,18.322827040609177,14.19795207211739,248
factor__fd004__s271__lstm__i11__piecewise_125__all_21__scale125,factor,FD004,271,lstm,11,piecewise_125,all_21,capped125,pooled_windows,17.470260230647117,15.677390467963654,248
factor__fd004__s271__lstm__i11__piecewise_125__all_21__scale125,factor,FD004,271,lstm,11,piecewise_125,all_21,raw,endpoint,31.256988638753704,46.36486370208453,248
factor__fd004__s271__lstm__i11__piecewise_125__all_21__scale125,factor,FD004,271,lstm,11,piecewise_125,all_21,raw,equal_engine_windows,78.46260488031183,4297656643.89512,248
factor__fd004__s271__lstm__i11__piecewise_125__all_21__scale125,factor,FD004,271,lstm,11,piecewise_125,all_21,raw,pooled_windows,99.9503852153527,11019844390.478111,248
factor__fd004__s42__lightgbm__i11__linear_uncapped__all_21__scale125,factor,FD004,42,lightgbm,11,linear_uncapped,all_21,capped125,endpoint,43.86858515159598,3567.434325201527,248
factor__fd004__s42__lightgbm__i11__linear_uncapped__all_21__scale125,factor,FD004,42,lightgbm,11,linear_uncapped,all_21,capped125,equal_engine_windows,62.336703689480764,47741.008830748666,248
factor__fd004__s42__lightgbm__i11__linear_uncapped__all_21__scale125,factor,FD004,42,lightgbm,11,linear_uncapped,all_21,capped125,pooled_windows,64.4676008400369,47400.47837263182,248
factor__fd004__s42__lightgbm__i11__linear_uncapped__all_21__scale125,factor,FD004,42,lightgbm,11,linear_uncapped,all_21,raw,endpoint,38.42058507455495,603.4147325296206,248
factor__fd004__s42__lightgbm__i11__linear_uncapped__all_21__scale125,factor,FD004,42,lightgbm,11,linear_uncapped,all_21,raw,equal_engine_windows,56.40666841409055,1619653.1540057336,248
factor__fd004__s42__lightgbm__i11__linear_uncapped__all_21__scale125,factor,FD004,42,lightgbm,11,linear_uncapped,all_21,raw,pooled_windows,66.92774425143108,4096134.443178555,248
factor__fd004__s42__lightgbm__i11__linear_uncapped__common_14__scale125,factor,FD004,42,lightgbm,11,linear_uncapped,common_14,capped125,endpoint,43.9008738682636,7678.478573374496,248
factor__fd004__s42__lightgbm__i11__linear_uncapped__common_14__scale125,factor,FD004,42,lightgbm,11,linear_uncapped,common_14,capped125,equal_engine_windows,62.82007497330435,219940.94348487988,248
factor__fd004__s42__lightgbm__i11__linear_uncapped__common_14__scale125,factor,FD004,42,lightgbm,11,linear_uncapped,common_14,capped125,pooled_windows,65.81783414380072,260328.27785811658,248
factor__fd004__s42__lightgbm__i11__linear_uncapped__common_14__scale125,factor,FD004,42,lightgbm,11,linear_uncapped,common_14,raw,endpoint,38.35941928980831,2419.470973802363,248
factor__fd004__s42__lightgbm__i11__linear_uncapped__common_14__scale125,factor,FD004,42,lightgbm,11,linear_uncapped,common_14,raw,equal_engine_windows,55.78208421694731,1962884.0265923145,248
factor__fd004__s42__lightgbm__i11__linear_uncapped__common_14__scale125,factor,FD004,42,lightgbm,11,linear_uncapped,common_14,raw,pooled_windows,65.61818949771684,4912762.585627589,248
factor__fd004__s42__lightgbm__i11__piecewise_125__all_21__scale125,factor,FD004,42,lightgbm,11,piecewise_125,all_21,capped125,endpoint,18.030861719861846,8.9549150059835,248
factor__fd004__s42__lightgbm__i11__piecewise_125__all_21__scale125,factor,FD004,42,lightgbm,11,piecewise_125,all_21,capped125,equal_engine_windows,16.834825709712696,11.631655447756655,248
factor__fd004__s42__lightgbm__i11__piecewise_125__all_21__scale125,factor,FD004,42,lightgbm,11,piecewise_125,all_21,capped125,pooled_windows,16.419628487929764,13.753850395255272,248
factor__fd004__s42__lightgbm__i11__piecewise_125__all_21__scale125,factor,FD004,42,lightgbm,11,piecewise_125,all_21,raw,endpoint,29.185029488814646,29.065410088668813,248
factor__fd004__s42__lightgbm__i11__piecewise_125__all_21__scale125,factor,FD004,42,lightgbm,11,piecewise_125,all_21,raw,equal_engine_windows,77.4985527154111,4698441283.177955,248
factor__fd004__s42__lightgbm__i11__piecewise_125__all_21__scale125,factor,FD004,42,lightgbm,11,piecewise_125,all_21,raw,pooled_windows,99.23967586636466,11942365775.883322,248
factor__fd004__s42__lstm__i11__linear_uncapped__all_21__scale125,factor,FD004,42,lstm,11,linear_uncapped,all_21,capped125,endpoint,40.44729659567466,1117.2268965573742,248
factor__fd004__s42__lstm__i11__linear_uncapped__all_21__scale125,factor,FD004,42,lstm,11,linear_uncapped,all_21,capped125,equal_engine_windows,49.21614355125613,2913.7696439523347,248
factor__fd004__s42__lstm__i11__linear_uncapped__all_21__scale125,factor,FD004,42,lstm,11,linear_uncapped,all_21,capped125,pooled_windows,50.03244597315451,2642.8614033194613,248
factor__fd004__s42__lstm__i11__linear_uncapped__all_21__scale125,factor,FD004,42,lstm,11,linear_uncapped,all_21,raw,endpoint,38.86218774860671,918.858766046843,248
factor__fd004__s42__lstm__i11__linear_uncapped__all_21__scale125,factor,FD004,42,lstm,11,linear_uncapped,all_21,raw,equal_engine_windows,60.64691703807205,51893439.84050109,248
factor__fd004__s42__lstm__i11__linear_uncapped__all_21__scale125,factor,FD004,42,lstm,11,linear_uncapped,all_21,raw,pooled_windows,74.95262669820613,131015109.82228874,248
factor__fd004__s42__lstm__i11__linear_uncapped__common_14__scale125,factor,FD004,42,lstm,11,linear_uncapped,common_14,capped125,endpoint,47.44693509677736,459944.0051302877,248
factor__fd004__s42__lstm__i11__linear_uncapped__common_14__scale125,factor,FD004,42,lstm,11,linear_uncapped,common_14,capped125,equal_engine_windows,56.40957146450727,494046.531130991,248
factor__fd004__s42__lstm__i11__linear_uncapped__common_14__scale125,factor,FD004,42,lstm,11,linear_uncapped,common_14,capped125,pooled_windows,57.55653740419291,44884.00226253898,248
factor__fd004__s42__lstm__i11__linear_uncapped__common_14__scale125,factor,FD004,42,lstm,11,linear_uncapped,common_14,raw,endpoint,44.76572375727112,456620.11594768934,248
factor__fd004__s42__lstm__i11__linear_uncapped__common_14__scale125,factor,FD004,42,lstm,11,linear_uncapped,common_14,raw,equal_engine_windows,62.28678833529968,17788492.671276692,248
factor__fd004__s42__lstm__i11__linear_uncapped__common_14__scale125,factor,FD004,42,lstm,11,linear_uncapped,common_14,raw,pooled_windows,74.03150208966828,45538544.026744284,248
factor__fd004__s42__lstm__i11__piecewise_125__all_21__scale125,factor,FD004,42,lstm,11,piecewise_125,all_21,capped125,endpoint,20.459832412920136,10.658416099495287,248
factor__fd004__s42__lstm__i11__piecewise_125__all_21__scale125,factor,FD004,42,lstm,11,piecewise_125,all_21,capped125,equal_engine_windows,18.97111991294861,15.387630845497021,248
factor__fd004__s42__lstm__i11__piecewise_125__all_21__scale125,factor,FD004,42,lstm,11,piecewise_125,all_21,capped125,pooled_windows,18.367526217108963,18.57140973858496,248
factor__fd004__s42__lstm__i11__piecewise_125__all_21__scale125,factor,FD004,42,lstm,11,piecewise_125,all_21,raw,endpoint,31.951932673623528,43.020307703056005,248
factor__fd004__s42__lstm__i11__piecewise_125__all_21__scale125,factor,FD004,42,lstm,11,piecewise_125,all_21,raw,equal_engine_windows,79.17629492312679,5246829760.300486,248
factor__fd004__s42__lstm__i11__piecewise_125__all_21__scale125,factor,FD004,42,lstm,11,piecewise_125,all_21,raw,pooled_windows,100.59736633899425,13398921003.50043,248
